device_id,serial_number,management_source,device_type,temperature_celsius,storage_capacity_gb,free_storage_gb,memory_gb,cpu_cores,health_status,power_state,active_vms,allocated_vcpu,allocated_ram_gb
0be13cf1-d07a-53d9-90df-10bf5e14dd3b,dl360-prod-001,mock_server,server,23.5,500,320,1024,16,OK,ON,0,0,0
e4e33039-2179-5a31-9de3-b5c49d875ca5,dl380-prod-002,mock_server,blade_server,25.0,16000,10576,512,32,OK,ON,0,0,0
cca0c982-08ca-5de3-863f-caf4871d930c,synergy-comp-003,mock_server,rack_server,23.9,2000,363,512,16,OK,ON,0,0,0
16a8f522-0449-50da-b8c7-e5f189cdd9fd,apollo-node-004,mock_server,compute_node,22.0,2000,1527,1024,64,OK,ON,0,0,0
7f361238-66b1-5985-86b3-2a0bfae51dab,esx-host-005,mock_server,hypervisor,41.7,4000,1289,256,32,OK,ON,0,0,0
90e93f9c-27f0-523f-a6a3-4a038c883609,dl360-prod-006,mock_server,server,38.2,1000,469,256,32,OK,ON,0,0,0
cafad202-b3ed-585c-8430-c4856c31e68e,dl380-prod-007,mock_server,blade_server,26.7,1000,830,1024,64,OK,ON,0,0,0
36e36b72-fb95-55a5-aff1-57342cf2d573,synergy-comp-008,mock_server,rack_server,38.6,8000,2481,1024,128,OK,ON,0,0,0
7e1e40d3-51e6-5f6a-afee-360fe2d0394c,apollo-node-009,mock_server,compute_node,41.5,1000,601,512,16,OK,ON,0,0,0
5f8cf2c7-5b5f-59b7-a77e-96ccc83d1f5d,esx-host-010,mock_server,hypervisor,38.0,16000,12925,256,64,OK,ON,0,0,0
22e2975d-ecbd-5938-a9ab-f71efb077265,dl360-prod-011,mock_server,server,42.8,16000,5420,1024,32,OK,ON,0,0,0
e5f3dccd-5b09-5720-b104-055b1553858d,dl380-prod-012,mock_server,blade_server,22.8,2000,1605,256,32,OK,ON,0,0,0
92d9b152-6943-5bb8-9c57-8e35b86c5afa,synergy-comp-013,mock_server,rack_server,39.1,1000,627,1024,32,OK,ON,0,0,0
737667c5-d038-5985-8699-cef6e9c9fe5c,apollo-node-014,mock_server,compute_node,27.8,16000,9918,512,128,OK,ON,0,0,0
c6760d2d-1902-5751-baea-593d7bdf2435,esx-host-015,mock_server,hypervisor,37.7,500,141,64,64,OK,ON,0,0,0
15eb469b-ea8e-5706-8e3d-bf3d0c97cfec,dl360-prod-016,mock_server,server,39.6,4000,1009,64,128,OK,ON,0,0,0
83f17df0-d5d0-56ee-92df-a649fcca3a5a,dl380-prod-017,mock_server,blade_server,30.1,2000,1480,64,32,OK,ON,0,0,0
878b8d60-dcb5-5116-89fb-e8bd9fa26931,synergy-comp-018,mock_server,rack_server,31.1,8000,1426,1024,16,WARNING,ON,0,0,0
430480ff-579b-587e-b302-a6573e07736d,apollo-node-019,mock_server,compute_node,41.6,500,115,64,128,OK,ON,0,0,0
b70e8ba5-1555-578c-8bbe-465c672e63a4,esx-host-020,mock_server,hypervisor,24.7,1000,874,1024,16,OK,ON,0,0,0
751dc423-f136-569c-80a0-ddff6ecfd0e4,dl360-prod-021,mock_server,server,21.7,500,320,128,128,OK,ON,0,0,0
cd1bd02f-035e-562e-aae7-cda03fd760a1,dl380-prod-022,mock_server,blade_server,34.6,8000,2824,256,32,OK,ON,0,0,0
e86ca05d-e32d-5fdc-9527-f165dd017816,synergy-comp-023,mock_server,rack_server,27.9,500,53,1024,16,OK,ON,0,0,0
05929d0e-b05e-5779-b09e-ba3e4512efd1,apollo-node-024,mock_server,compute_node,27.1,4000,3067,256,16,OK,ON,0,0,0
e04c767b-0ee1-5da0-bc9c-495f778e7333,esx-host-025,mock_server,hypervisor,22.9,500,346,128,64,OK,ON,0,0,0
ff49666f-0054-5d58-ba59-dd0b22610615,dl360-prod-026,mock_server,server,22.3,4000,3053,64,16,OK,ON,0,0,0
6fa3052c-6262-59e6-bf66-ec785d8f83b8,dl380-prod-027,mock_server,blade_server,20.2,500,428,128,16,OK,ON,0,0,0
90ff3c49-5313-5c7a-bc63-9770db10f0e7,synergy-comp-028,mock_server,rack_server,42.5,1000,645,64,64,OK,ON,0,0,0
a661f44e-29e2-5f23-9162-4de8020dca13,apollo-node-029,mock_server,compute_node,44.4,1000,805,64,32,OK,ON,0,0,0
17ebca30-5db7-56b9-9c61-6c764108e75d,esx-host-030,mock_server,hypervisor,41.8,4000,1111,512,64,OK,ON,0,0,0
b3d83d0b-5c85-529c-87a3-2680bb4f2632,dl360-prod-031,mock_server,server,27.0,500,436,256,64,OK,ON,0,0,0
5a440a15-6496-5778-8ba8-ce3426a1dab5,dl380-prod-032,mock_server,blade_server,24.5,2000,261,1024,128,OK,ON,0,0,0
c14f4047-2249-5274-a679-da2529c600aa,synergy-comp-033,mock_server,rack_server,21.1,4000,405,1024,32,OK,ON,0,0,0
653d7f5e-4023-586d-ad81-ecd762f73619,apollo-node-034,mock_server,compute_node,42.5,8000,2779,512,64,OK,ON,0,0,0
e5e05102-c3f2-5d4d-a3ce-5c1e3fd8d794,esx-host-035,mock_server,hypervisor,38.7,1000,592,256,128,OK,ON,0,0,0
50668fcf-26f3-56ff-8023-bc6c601a0cc3,dl360-prod-036,mock_server,server,31.0,16000,4335,512,32,OK,ON,0,0,0
a142f7d6-3b56-540a-ab8e-35e1fb1274c5,dl380-prod-037,mock_server,blade_server,27.8,1000,217,64,32,CRITICAL,ON,0,0,0
85235b1b-aa9e-526d-ba03-5e73e9c82905,synergy-comp-038,mock_server,rack_server,37.4,4000,1678,128,16,OK,ON,0,0,0
74ce98fb-3241-521e-a916-5937bf23181c,apollo-node-039,mock_server,compute_node,33.9,500,232,512,64,WARNING,ON,0,0,0
17475663-129f-57a0-af7a-dd0d45fa49ff,esx-host-040,mock_server,hypervisor,38.6,4000,1840,128,64,OK,ON,0,0,0
ef058074-a151-569d-9757-9d6911bacf4e,dl360-prod-041,mock_server,server,26.8,2000,1628,64,32,OK,ON,0,0,0
3109dfb9-d283-5f63-a864-6a5ba46765df,dl380-prod-042,mock_server,blade_server,33.6,4000,599,512,128,WARNING,ON,0,0,0
fd355eab-9338-51bf-9077-3da0aeac8f9c,synergy-comp-043,mock_server,rack_server,38.8,4000,2122,1024,32,OK,ON,0,0,0
e4fbd453-2ca0-5728-9830-9ffd8094603e,apollo-node-044,mock_server,compute_node,24.1,4000,3342,1024,16,WARNING,ON,0,0,0
cd8ab384-5a78-5915-9525-454a2b0a4bd1,esx-host-045,mock_server,hypervisor,24.5,2000,806,128,128,OK,ON,0,0,0
b7c4c8d7-53a8-5ceb-8797-9792e94da7ad,dl360-prod-046,mock_server,server,20.5,8000,1133,256,32,OK,ON,0,0,0
177b781b-603e-59c6-92ca-b941e8da5680,dl380-prod-047,mock_server,blade_server,35.5,1000,200,64,32,OK,ON,0,0,0
bf711f8e-f551-59ca-962f-2a23dcea4837,synergy-comp-048,mock_server,rack_server,22.7,500,421,1024,128,OK,ON,0,0,0
5044c37d-1f3c-5b38-9c5d-e706107889b9,apollo-node-049,mock_server,compute_node,35.0,500,368,1024,16,OK,ON,0,0,0
164d6b64-859c-5323-9684-b67e89832fdb,esx-host-050,mock_server,hypervisor,22.6,2000,1216,512,32,OK,ON,0,0,0
d648ce3d-6ddf-50b2-be11-e07af4253039,dl360-prod-051,mock_server,server,30.9,16000,9183,256,32,OK,ON,0,0,0
0e85dd77-8ccf-5c8e-878a-a37838e9cd69,dl380-prod-052,mock_server,blade_server,20.7,2000,490,128,64,OK,ON,0,0,0
3cc93f26-2b77-50c3-bad8-6d7649bf8582,synergy-comp-053,mock_server,rack_server,26.0,4000,1963,128,128,OK,ON,0,0,0
3109ca08-5bc2-5b4a-8c0c-1612809726cd,apollo-node-054,mock_server,compute_node,26.1,16000,9043,512,64,OK,ON,0,0,0
4eb274ef-720f-5cb5-a874-e637ff4a7752,esx-host-055,mock_server,hypervisor,23.0,1000,352,1024,32,OK,ON,0,0,0
a91bcee7-956f-5fd8-94d5-c305865e94e5,dl360-prod-056,mock_server,server,25.7,1000,341,1024,32,OK,OFF,0,0,0
055bf1b4-4951-5819-88a7-d4333f1a1570,dl380-prod-057,mock_server,blade_server,41.8,8000,2619,512,128,OK,OFF,0,0,0
d05b070d-7d19-5674-8c0f-da9620f336cc,synergy-comp-058,mock_server,rack_server,32.3,8000,4828,64,32,OK,ON,0,0,0
30e5303b-29e8-5e08-920d-2f61d08e9b87,apollo-node-059,mock_server,compute_node,34.9,8000,2244,1024,128,OK,ON,0,0,0
7e4d8b51-6975-5c0c-bbc3-3ee4fadda2ea,esx-host-060,mock_server,hypervisor,44.0,500,429,128,32,OK,ON,0,0,0
0bf16927-c1de-500e-9776-6f24b092cdc5,dl360-prod-061,mock_server,server,37.2,4000,1332,128,64,OK,ON,0,0,0
1e57c54a-c8f7-5a11-8665-8d3939f01a0c,dl380-prod-062,mock_server,blade_server,22.9,1000,618,256,32,OK,ON,0,0,0
f03b648e-2541-525a-a336-732a86533507,synergy-comp-063,mock_server,rack_server,27.6,4000,3416,1024,128,OK,ON,0,0,0
6cf44f53-750e-5ad6-9e06-4a358fe51e95,apollo-node-064,mock_server,compute_node,25.7,16000,12300,1024,16,CRITICAL,ON,0,0,0
357447e1-0455-5306-bc64-77a9543ad3e9,esx-host-065,mock_server,hypervisor,33.0,4000,3331,128,128,OK,ON,0,0,0
295236d1-c803-5053-9027-f8994a15ef7a,dl360-prod-066,mock_server,server,22.6,1000,363,512,64,OK,ON,0,0,0
303f3171-61bb-5a95-8b59-660e63b37b8f,dl380-prod-067,mock_server,blade_server,28.1,4000,3167,64,128,OK,ON,0,0,0
371b267d-ff40-5d8e-ae40-dfa515bbd666,synergy-comp-068,mock_server,rack_server,26.7,1000,842,512,128,OK,OFF,0,0,0
51aff1c3-fdb1-5712-a7d2-97d492d4bfe8,apollo-node-069,mock_server,compute_node,20.3,4000,698,64,128,WARNING,ON,0,0,0
28539474-1a46-5348-9b44-a92e006e87d5,esx-host-070,mock_server,hypervisor,40.9,4000,1179,1024,32,OK,ON,0,0,0
241605fc-5ed8-536a-b79a-ef0f61994047,dl360-prod-071,mock_server,server,28.5,8000,2509,64,64,OK,ON,0,0,0
1026c107-498d-5a2a-9b58-072f2aa9fc73,dl380-prod-072,mock_server,blade_server,32.1,2000,1083,1024,128,OK,ON,0,0,0
bca74abe-dbed-57da-9b61-07ecf4b3c3c1,synergy-comp-073,mock_server,rack_server,21.1,16000,7654,512,128,CRITICAL,ON,0,0,0
b96bd475-93f0-5022-9575-b2af1f29700c,apollo-node-074,mock_server,compute_node,32.6,8000,2924,64,128,OK,ON,0,0,0
722849e4-84ce-5019-a922-8fd3997df278,esx-host-075,mock_server,hypervisor,31.7,2000,741,512,16,OK,ON,0,0,0
5cc93303-3a59-5dcc-8414-4b5795bf7167,dl360-prod-076,mock_server,server,20.9,500,143,256,32,OK,ON,0,0,0
2a81926d-a0cc-52cc-8644-bebfdb175f60,dl380-prod-077,mock_server,blade_server,21.1,500,167,256,128,OK,ON,0,0,0
ec3be05a-53c1-5793-8d46-66931d24a4ae,synergy-comp-078,mock_server,rack_server,41.8,8000,5172,512,32,OK,ON,0,0,0
d53433f5-a79c-526c-a897-f6112b46bb85,apollo-node-079,mock_server,compute_node,36.9,1000,159,256,64,OK,ON,0,0,0
9f81df72-035e-504f-82b4-085480dcc83e,esx-host-080,mock_server,hypervisor,22.7,4000,2230,1024,64,CRITICAL,ON,0,0,0
8bbb299f-5ff9-543d-9b0a-73dbbdb8fdf0,dl360-prod-081,mock_server,server,38.6,2000,1441,128,64,OK,ON,0,0,0
0f765aee-483a-55dc-a370-c539e504524e,dl380-prod-082,mock_server,blade_server,39.7,500,281,128,16,WARNING,ON,0,0,0
5ec00f1b-7070-5c46-a0ec-2ad3cca3a200,synergy-comp-083,mock_server,rack_server,32.5,2000,1528,256,128,WARNING,ON,0,0,0
617ce565-db78-5a28-896a-b7f8695c094f,apollo-node-084,mock_server,compute_node,38.9,1000,788,512,64,OK,ON,0,0,0
8d4ff647-f207-5adb-a052-d70bc3a7e73c,esx-host-085,mock_server,hypervisor,29.5,16000,13635,64,32,OK,ON,0,0,0
9b9a4666-6838-5cec-8d66-bddaef9cb200,dl360-prod-086,mock_server,server,21.6,4000,3310,256,128,OK,ON,0,0,0
1293fe38-49a9-5011-b4f9-0251803ea554,dl380-prod-087,mock_server,blade_server,23.4,4000,1587,1024,128,OK,ON,0,0,0
af688e3c-686e-5bae-ab13-20924149ef72,synergy-comp-088,mock_server,rack_server,20.8,2000,547,512,32,OK,ON,0,0,0
aa6fc4b0-475b-5df8-8283-9069e6caadec,apollo-node-089,mock_server,compute_node,44.2,4000,693,128,16,OK,ON,0,0,0
ffbf3875-7271-5bba-b974-e34ac811f726,esx-host-090,mock_server,hypervisor,25.4,1000,362,128,16,OK,OFF,0,0,0
8891e240-def8-5892-8a8e-e3ffeb6c61d0,dl360-prod-091,mock_server,server,41.7,1000,111,128,64,OK,ON,0,0,0
ea87c06f-127b-539f-82a9-6ce1f13451b3,dl380-prod-092,mock_server,blade_server,31.2,2000,1021,64,128,OK,ON,0,0,0
fd448fc1-be63-5dc1-9783-3004cb943878,synergy-comp-093,mock_server,rack_server,45.0,4000,1764,64,128,OK,ON,0,0,0
226ae322-051b-5511-a820-399d69ba1b4f,apollo-node-094,mock_server,compute_node,26.9,16000,9092,256,128,CRITICAL,ON,0,0,0
b2d2684e-4381-5fcb-86fe-25c1e67a009c,esx-host-095,mock_server,hypervisor,36.3,8000,5413,128,128,OK,ON,0,0,0
23e25954-9262-5bae-8a45-49904804cb64,dl360-prod-096,mock_server,server,30.7,16000,4862,128,128,OK,ON,0,0,0
e407f500-c0e6-56ae-865b-5809de34f039,dl380-prod-097,mock_server,blade_server,33.9,8000,6922,1024,64,OK,ON,0,0,0
c88b475e-c409-5c18-a037-8159345252a0,synergy-comp-098,mock_server,rack_server,35.0,2000,365,1024,32,OK,ON,0,0,0
21b1f26f-cd65-59bc-863e-cbe500b0ae03,apollo-node-099,mock_server,compute_node,39.1,8000,2247,512,16,OK,ON,0,0,0
de2ee858-1a7f-5475-b8e6-393b7a21193f,esx-host-100,mock_server,hypervisor,28.8,1000,795,1024,128,OK,ON,0,0,0
95bf5695-02ed-5bf2-bfdb-ed14aab85a53,dl360-prod-101,mock_server,server,30.5,2000,451,256,64,OK,ON,0,0,0
a873f12d-018c-5f15-bc37-d0c7134bcca0,dl380-prod-102,mock_server,blade_server,22.0,4000,2518,512,128,OK,ON,0,0,0
33366ab0-0cdf-5eb6-aa7a-f061cdd65e6a,synergy-comp-103,mock_server,rack_server,37.0,4000,2086,256,16,OK,OFF,0,0,0
9d913f4c-b71c-51a3-9f68-2dbaef94f054,apollo-node-104,mock_server,compute_node,39.1,2000,724,64,128,OK,ON,0,0,0
7bd2f67d-9787-5792-ad8f-17760ffa3d40,esx-host-105,mock_server,hypervisor,29.9,16000,2141,64,128,WARNING,ON,0,0,0
ae97da3b-e9cd-5f13-80c8-796aa58bee7c,dl360-prod-106,mock_server,server,22.9,500,436,128,128,OK,ON,0,0,0
cef1a376-2e31-52d7-9fed-751451a412a9,dl380-prod-107,mock_server,blade_server,22.0,2000,1393,128,64,OK,ON,0,0,0
5c064a55-d216-5a2d-8a73-8108c37a4904,synergy-comp-108,mock_server,rack_server,38.2,16000,12032,128,16,OK,ON,0,0,0
d5daa48f-da5e-55cd-b249-38f74ab0a86f,apollo-node-109,mock_server,compute_node,38.9,8000,3672,1024,64,OK,ON,0,0,0
201299ee-95c1-585f-b9b4-985ae62009b8,esx-host-110,mock_server,hypervisor,34.8,2000,1011,256,128,OK,ON,0,0,0
c6e47aea-8937-5757-b007-14c6ebf48468,dl360-prod-111,mock_server,server,34.9,4000,1880,1024,16,OK,ON,0,0,0
5133e0ac-dd7e-5ca8-b139-1ec269406d29,dl380-prod-112,mock_server,blade_server,31.3,2000,1771,64,32,OK,ON,0,0,0
cb34ce42-0f40-5b4b-abaa-d3e085437eb4,synergy-comp-113,mock_server,rack_server,30.2,2000,1286,64,64,OK,ON,0,0,0
9500dd2b-036b-5210-b230-ccb6004a502e,apollo-node-114,mock_server,compute_node,22.0,16000,3410,256,64,WARNING,ON,0,0,0
710b112c-34f1-58d1-845c-9843b0ffcff3,esx-host-115,mock_server,hypervisor,39.8,1000,636,1024,16,OK,ON,0,0,0
9560f695-d20d-514d-bf66-34cb1ffc1e47,dl360-prod-116,mock_server,server,43.7,4000,1014,128,32,OK,ON,0,0,0
64dc885b-377e-5240-a2a2-f633e7ec805b,dl380-prod-117,mock_server,blade_server,29.4,1000,244,1024,32,OK,ON,0,0,0
8d675bd6-79ff-58a2-9ed1-9fc04d24543f,synergy-comp-118,mock_server,rack_server,39.6,1000,527,256,128,WARNING,ON,0,0,0
25b7814e-e0e2-5db1-9702-4482dca041c6,apollo-node-119,mock_server,compute_node,32.6,4000,3492,128,32,OK,ON,0,0,0
b8d2f229-44db-5012-9945-f14637e34c13,esx-host-120,mock_server,hypervisor,41.1,500,164,128,64,OK,ON,0,0,0
ecc7dbcc-bc95-577a-b49e-2cd58bcdcaec,dl360-prod-121,mock_server,server,42.1,500,215,512,64,OK,OFF,0,0,0
eff22f6d-64ad-5692-8220-426e12f1cf47,dl380-prod-122,mock_server,blade_server,36.2,1000,210,256,128,OK,ON,0,0,0
fa449936-f599-50f7-8cd8-18b21ae6f9b2,synergy-comp-123,mock_server,rack_server,26.4,1000,539,1024,128,OK,ON,0,0,0
1166909c-d5f2-575b-a4c2-436fb6181fee,apollo-node-124,mock_server,compute_node,22.8,4000,2309,64,32,OK,ON,0,0,0
ed963f80-762c-5212-a5b2-0b2c46fa20a5,esx-host-125,mock_server,hypervisor,36.6,500,259,256,16,WARNING,ON,0,0,0
80554613-c1a0-51f3-9915-1c688d7cdb76,dl360-prod-126,mock_server,server,35.9,2000,605,64,64,OK,ON,0,0,0
2aa3a711-8d5e-5828-84fd-8a20aecc1c99,dl380-prod-127,mock_server,blade_server,21.1,8000,2966,128,128,CRITICAL,ON,0,0,0
0336c9e2-341b-5790-9252-54336fe50a0a,synergy-comp-128,mock_server,rack_server,27.3,500,366,64,64,WARNING,ON,0,0,0
5ad768bd-5768-5ad2-abdf-d625f5d3e077,apollo-node-129,mock_server,compute_node,28.9,500,396,256,64,OK,ON,0,0,0
30fcb68e-f13e-5fbe-88f6-32e2caed919c,esx-host-130,mock_server,hypervisor,44.3,4000,2614,256,64,OK,ON,0,0,0
54a3dbf2-d183-5a8e-8f42-e7501e3a6a8b,dl360-prod-131,mock_server,server,22.0,16000,5384,512,128,OK,ON,0,0,0
a88ad112-e84e-5244-bd8c-9c7cf23a8ef4,dl380-prod-132,mock_server,blade_server,36.0,500,80,512,64,OK,ON,0,0,0
f5d9399e-c346-585c-a744-fe2348697165,synergy-comp-133,mock_server,rack_server,23.2,1000,722,256,64,OK,ON,0,0,0
80007f4d-adfe-5a4d-a828-b38854bb6d67,apollo-node-134,mock_server,compute_node,39.1,8000,1681,256,128,OK,ON,0,0,0
7b1507d1-6148-5dad-ac92-f614f912a20e,esx-host-135,mock_server,hypervisor,29.7,8000,1553,256,128,OK,ON,0,0,0
a1659b73-2c2d-5f7d-b393-29367cbe12ba,dl360-prod-136,mock_server,server,31.3,16000,7297,64,64,OK,ON,0,0,0
5b45c79e-cfdc-543b-9234-7f9504055dd4,dl380-prod-137,mock_server,blade_server,37.7,16000,9762,256,32,OK,ON,0,0,0
e74868fc-781e-5135-934a-056fb32452f6,synergy-comp-138,mock_server,rack_server,40.1,8000,1630,64,16,OK,OFF,0,0,0
11e3991e-af2a-59c3-bec2-7081d434aa07,apollo-node-139,mock_server,compute_node,44.3,16000,2549,512,64,OK,ON,0,0,0
f0b18b33-6397-5f29-8f13-725116f2032a,esx-host-140,mock_server,hypervisor,32.6,500,382,1024,32,OK,ON,0,0,0
b28f3bdc-afde-5c3f-aab4-9219b7e26d32,dl360-prod-141,mock_server,server,26.3,16000,13841,256,32,OK,ON,0,0,0
73c865ac-83a3-5dc0-ab10-32569f2b3531,dl380-prod-142,mock_server,blade_server,36.5,16000,13145,256,16,OK,ON,0,0,0
36737e85-d815-5d10-9c28-9442abb5833a,synergy-comp-143,mock_server,rack_server,36.0,4000,3244,1024,64,OK,ON,0,0,0
531e2986-979e-5026-b21e-4aa489e01de5,apollo-node-144,mock_server,compute_node,21.5,4000,1729,512,32,OK,ON,0,0,0
e64e1e27-d2ec-59e7-b3c6-ff8842eb7be0,esx-host-145,mock_server,hypervisor,23.3,2000,1023,64,64,OK,ON,0,0,0
f7557d14-c305-5a8a-b25c-cd79edd84484,dl360-prod-146,mock_server,server,41.6,4000,1194,128,64,WARNING,ON,0,0,0
b397ec88-dc38-566f-9e1e-d7db14142739,dl380-prod-147,mock_server,blade_server,42.0,4000,474,512,128,WARNING,ON,0,0,0
b3156ec8-4669-5887-be45-21764b871662,synergy-comp-148,mock_server,rack_server,33.4,500,222,256,64,OK,ON,0,0,0
2534a985-0e5c-58c7-afce-34e39670a3e1,apollo-node-149,mock_server,compute_node,29.7,4000,2846,256,16,OK,ON,0,0,0
28996479-4a44-583e-8cab-47497e3b03f2,esx-host-150,mock_server,hypervisor,25.0,8000,3368,64,16,OK,ON,0,0,0
6836ce33-56d8-54f5-b4e9-85f85fdfdf3d,dl360-prod-151,mock_server,server,43.3,2000,460,1024,64,OK,ON,0,0,0
227959e4-a9b9-5254-943f-4476e1a520dc,dl380-prod-152,mock_server,blade_server,40.4,2000,729,64,128,OK,ON,0,0,0
032ccce2-eeba-5668-8a88-e1eaa41e9a05,synergy-comp-153,mock_server,rack_server,39.6,8000,4496,64,128,OK,ON,0,0,0
f0234c9c-24ce-5a68-8679-819999353b6c,apollo-node-154,mock_server,compute_node,34.3,16000,3006,64,128,OK,ON,0,0,0
7b469111-004c-5f6f-baa4-af2b1eea35e0,esx-host-155,mock_server,hypervisor,38.2,16000,3367,128,64,CRITICAL,ON,0,0,0
1684ebe4-78a2-5760-8c72-8dc28444a4e8,dl360-prod-156,mock_server,server,28.9,16000,10313,256,128,OK,ON,0,0,0
6a7a8522-cc8d-5e80-84f9-354dbd3edd39,dl380-prod-157,mock_server,blade_server,37.6,16000,10623,256,128,OK,ON,0,0,0
6c155686-f850-5914-8871-8d6fe1d34594,synergy-comp-158,mock_server,rack_server,40.5,1000,332,256,16,OK,ON,0,0,0
6ea27549-43a7-5f1d-9a27-3c4aa3f7f033,apollo-node-159,mock_server,compute_node,37.4,1000,187,1024,32,OK,ON,0,0,0
651ed5fe-9bd5-58ad-9633-aa451a4e05e0,esx-host-160,mock_server,hypervisor,37.9,500,322,128,16,WARNING,OFF,0,0,0
4535f5fe-d058-5048-9fec-63989d4e19b5,dl360-prod-161,mock_server,server,28.0,16000,2357,64,32,OK,ON,0,0,0
9af00b21-80db-59be-bbda-1168b8950ea5,dl380-prod-162,mock_server,blade_server,44.9,4000,2921,128,64,OK,ON,0,0,0
4b914a0c-52ff-59d3-be02-d7483ecaae88,synergy-comp-163,mock_server,rack_server,31.4,16000,8554,512,32,OK,ON,0,0,0
c28002d1-a120-558d-9a00-a0405f55e3d0,apollo-node-164,mock_server,compute_node,26.4,1000,111,256,64,OK,ON,0,0,0
2cee9bc0-6127-5bf6-867c-5558c407da2a,esx-host-165,mock_server,hypervisor,30.0,500,123,128,128,OK,ON,0,0,0
92d9aca6-890e-5642-9d35-cc7ac8a824e7,dl360-prod-166,mock_server,server,27.5,16000,8932,256,64,OK,ON,0,0,0
7e02fb15-e184-5b5b-babb-c610c0bca588,dl380-prod-167,mock_server,blade_server,22.9,2000,788,128,32,WARNING,ON,0,0,0
55aeb0fd-e79f-50a3-9b5c-9ea5ffa16b80,synergy-comp-168,mock_server,rack_server,40.0,1000,709,1024,16,OK,ON,0,0,0
51cc01f8-93cc-5c59-a47c-d81b4bd628ce,apollo-node-169,mock_server,compute_node,33.4,1000,362,1024,128,OK,ON,0,0,0
20a4355a-26c2-59ee-8847-dbb677350b62,esx-host-170,mock_server,hypervisor,31.3,8000,3458,1024,16,OK,ON,0,0,0
f721cee7-da5f-5a7a-8b94-63120efad39a,dl360-prod-171,mock_server,server,25.4,500,68,256,16,OK,ON,0,0,0
abfed26f-f6de-5b15-b9a2-75c0138bea3b,dl380-prod-172,mock_server,blade_server,39.2,16000,14122,512,64,CRITICAL,ON,0,0,0
16cdac47-c12b-5304-884f-de118b4ca6bf,synergy-comp-173,mock_server,rack_server,41.5,500,121,1024,128,OK,ON,0,0,0
a1755b16-9f4f-5888-84d3-39244b6ff604,apollo-node-174,mock_server,compute_node,36.8,8000,3514,512,32,OK,ON,0,0,0
1dfddad9-e7ed-50ee-872c-edb316466b42,esx-host-175,mock_server,hypervisor,39.2,500,146,64,16,OK,ON,0,0,0
c0c219ab-7e59-5b6e-b1d2-41b1a073191c,dl360-prod-176,mock_server,server,31.0,8000,2190,64,32,OK,ON,0,0,0
4f0c3b96-a210-5c16-bea2-c7e76a6216aa,dl380-prod-177,mock_server,blade_server,27.5,1000,888,1024,32,OK,ON,0,0,0
1f314dc6-7e48-5fdb-a21f-d2acd9e03f94,synergy-comp-178,mock_server,rack_server,32.4,2000,1706,512,64,OK,ON,0,0,0
c9a03086-3e5c-5540-9d92-3ca2a3cc2a66,apollo-node-179,mock_server,compute_node,41.2,2000,1572,128,128,WARNING,ON,0,0,0
8759fea5-def5-546d-970f-110a00416ea0,esx-host-180,mock_server,hypervisor,28.3,500,418,256,16,OK,ON,0,0,0
bc1ed263-18f7-5fc7-9eca-b6679f6551ee,dl360-prod-181,mock_server,server,24.7,8000,5435,1024,32,OK,ON,0,0,0
06eb00ee-2c81-5d38-9ca4-75ccd2ff68e4,dl380-prod-182,mock_server,blade_server,22.9,4000,3326,1024,32,OK,ON,0,0,0
a756e7a3-ea5e-5d6e-85e3-bd3ae091be46,synergy-comp-183,mock_server,rack_server,26.5,8000,6449,512,16,OK,ON,0,0,0
c9b592f6-b91e-5f4c-80a2-e3cf6c82c49f,apollo-node-184,mock_server,compute_node,30.3,8000,6330,128,16,OK,ON,0,0,0
3cb402dd-7f83-5de5-bb01-404474bbd5b4,esx-host-185,mock_server,hypervisor,25.8,8000,6133,512,64,OK,ON,0,0,0
aebbd270-d7f3-5ed8-8051-21d8d7635ddb,dl360-prod-186,mock_server,server,23.5,8000,3925,1024,16,OK,ON,0,0,0
8cdc09f3-e69d-51e4-aee5-37941cc3f4c4,dl380-prod-187,mock_server,blade_server,41.1,1000,154,128,16,OK,ON,0,0,0
f6eab85c-3735-5fa3-b9c3-d16cca5780f2,synergy-comp-188,mock_server,rack_server,33.3,4000,437,1024,64,OK,ON,0,0,0
248d2af7-7eb8-5817-aa15-45f2e6c6d5ec,apollo-node-189,mock_server,compute_node,43.0,8000,1752,128,64,OK,ON,0,0,0
2203b401-bfac-5d2e-9189-ddd5fa3234e3,esx-host-190,mock_server,hypervisor,26.1,16000,4490,64,16,OK,ON,0,0,0
a4f86007-9852-5944-9f0e-92f4f13a4cd1,dl360-prod-191,mock_server,server,32.5,4000,2463,256,16,OK,ON,0,0,0
a806f25a-124a-53dc-8288-58ee7e0dbb15,dl380-prod-192,mock_server,blade_server,43.1,8000,4406,64,32,WARNING,ON,0,0,0
31e57554-9333-5d93-ad0a-594ea67be125,synergy-comp-193,mock_server,rack_server,27.5,8000,2339,512,64,OK,ON,0,0,0
d6936466-e098-51eb-9227-1ccaf0b65f4b,apollo-node-194,mock_server,compute_node,22.4,1000,770,256,128,WARNING,ON,0,0,0
26eb0f56-c343-5adc-b0cc-00f5529b872e,esx-host-195,mock_server,hypervisor,43.5,4000,994,1024,128,OK,ON,0,0,0
29691f46-5941-5637-8482-11a4baa346cb,dl360-prod-196,mock_server,server,37.8,16000,3574,512,64,OK,ON,0,0,0
f87adaa4-f105-5823-9fa4-9a084ad549d4,dl380-prod-197,mock_server,blade_server,23.3,1000,444,1024,128,OK,ON,0,0,0
18c2a9d9-3ae4-5e68-bdfb-8a8cc064cfd2,synergy-comp-198,mock_server,rack_server,30.3,500,339,1024,32,OK,ON,0,0,0
fded73e8-205d-5997-b72c-2f1b7c02968f,apollo-node-199,mock_server,compute_node,23.6,1000,447,512,64,OK,ON,0,0,0
eba5058e-b085-5a58-9da2-6a92349280af,esx-host-200,mock_server,hypervisor,35.4,4000,742,256,16,WARNING,ON,0,0,0
31189b66-42c0-5f05-b4ae-cdbe2c7164c6,alletra-array-001,mock_storage,storage_system,37.7,5000,2912,32,8,OK,ON,0,0,0
f3b3bc9e-e4c0-5cda-a6ff-3c7e1c1121b4,nimble-prod-002,mock_storage,storage_pool,23.8,100000,65596,16,4,OK,ON,0,0,0
b48c7df5-6147-5303-8c55-39366741e3c0,primera-san-003,mock_storage,volume,24.6,5000,955,16,4,OK,ON,0,0,0
0d44af86-0879-567f-ae6f-52f5f7ab2a01,3par-array-004,mock_storage,volume_set,24.7,10000,8543,4,8,OK,ON,0,0,0
4f93fedc-66ab-5a77-ba0f-3234fdabdde3,storeonce-backup-005,mock_storage,filesystem,26.4,10000,2113,32,8,OK,ON,0,0,0
0eb571b9-4561-5182-95c1-94d045febf3d,nas-prod-006,mock_storage,host,22.0,250,196,32,2,OK,ON,0,0,0
d192dca9-ee23-5037-9e8a-224b28ea623c,san-host-007,mock_storage,host_group,24.8,1000,713,32,8,OK,ON,0,0,0
0e871e58-9c43-5e6c-ad1d-2c7bc122a8d1,alletra-array-008,mock_storage,snapshot,27.7,100,54,8,8,OK,ON,0,0,0
bfcd5211-b085-5247-be32-7b6286c8b3d7,nimble-prod-009,mock_storage,replication_group,21.3,100,72,32,4,WARNING,ON,0,0,0
05126257-afa6-5d59-875e-d01cb15e4c2c,primera-san-010,mock_storage,storage_system,34.7,100000,56018,8,8,OK,ON,0,0,0
c72402b7-d25d-5c7f-8b8f-42645488f9fd,3par-array-011,mock_storage,storage_pool,23.1,1000,336,4,4,WARNING,ON,0,0,0
c9b9d161-5025-5991-8b30-c4ca1d63e8b5,storeonce-backup-012,mock_storage,volume,20.7,2000,1033,16,4,OK,ON,0,0,0
b232b4ee-346d-5833-b6d9-06cdaa0ffe55,nas-prod-013,mock_storage,volume_set,20.8,100000,19206,16,2,OK,ON,0,0,0
a0c52803-0185-579f-82a9-57c6493a8333,san-host-014,mock_storage,filesystem,25.2,2000,1083,8,8,OK,ON,0,0,0
c8d605be-786b-598c-a21f-efb6c3365bec,alletra-array-015,mock_storage,host,23.4,1000,592,32,8,OK,ON,0,0,0
6b5adff0-022b-536a-a8ad-12dac3134051,nimble-prod-016,mock_storage,host_group,25.1,1000,658,8,4,OK,ON,0,0,0
28c73477-9635-55f7-b6dd-5b6016b05f75,primera-san-017,mock_storage,snapshot,23.1,250,145,4,8,OK,ON,0,0,0
1af77a25-e1d0-566d-b855-8eaa8ea09fd6,3par-array-018,mock_storage,replication_group,27.0,250,161,8,4,OK,ON,0,0,0
5f14acb2-3e4d-5291-b5bb-75c563f9c720,storeonce-backup-019,mock_storage,storage_system,30.1,1000,378,16,8,OK,ON,0,0,0
e419efff-3cc0-5556-a4d1-5fe6fe488172,nas-prod-020,mock_storage,storage_pool,24.9,2000,701,4,8,OK,ON,0,0,0
6f439adf-503b-5b32-ba57-38da3490036c,san-host-021,mock_storage,volume,20.9,50000,10514,32,4,OK,ON,0,0,0
8ee9d7cb-3efd-5df4-928b-2d20649ae77f,alletra-array-022,mock_storage,volume_set,21.5,2000,499,32,4,OK,ON,0,0,0
05936b31-e8ae-585a-8d8f-0d73d7acbfc9,nimble-prod-023,mock_storage,filesystem,25.0,2000,1504,32,2,WARNING,ON,0,0,0
d62d5bcd-bcbd-54d2-a257-19162da4f04b,primera-san-024,mock_storage,host,24.0,1000,663,32,4,OK,ON,0,0,0
01705331-6957-5b1e-b840-d71d3debec79,3par-array-025,mock_storage,host_group,23.6,250,133,4,2,OK,ON,0,0,0
2b87dbb2-cbfc-52d7-85ff-ba8b131877bb,storeonce-backup-026,mock_storage,snapshot,22.2,500,283,32,8,OK,ON,0,0,0
6f9a5883-4ef9-5c0a-bb61-8928a08fcb8c,nas-prod-027,mock_storage,replication_group,26.1,100,72,16,8,OK,ON,0,0,0
6d3be539-bffc-561f-b716-e5720829da48,san-host-028,mock_storage,storage_system,27.8,100000,76405,32,8,OK,ON,0,0,0
1b4b9d82-d3f8-5478-9411-28dae35605af,alletra-array-029,mock_storage,storage_pool,22.4,10000,7922,16,2,OK,ON,0,0,0
d1bd88ab-589f-5de8-ace3-bc6b990c5da8,nimble-prod-030,mock_storage,volume,26.5,50000,30310,16,8,OK,ON,0,0,0
22a0a54b-865e-5dee-98c9-44addf1fc0c6,primera-san-031,mock_storage,volume_set,21.1,5000,2629,4,8,OK,ON,0,0,0
1503bd6d-81de-5835-8a87-bca5b88d0cb5,3par-array-032,mock_storage,filesystem,21.3,100000,75214,16,8,OK,ON,0,0,0
ad5fa38b-89e0-51cc-a97d-90f3a3edd8f2,storeonce-backup-033,mock_storage,host,26.0,1000,867,16,8,OK,ON,0,0,0
7b3e0c34-02ea-58e4-9fc0-2607fe9a5258,nas-prod-034,mock_storage,host_group,26.9,250,139,16,2,OK,ON,0,0,0
845683e6-69df-55ed-919d-b07b06533b96,san-host-035,mock_storage,snapshot,25.4,1000,556,16,8,OK,ON,0,0,0
ccd6debc-59de-5de8-bd14-afabf7e9d713,alletra-array-036,mock_storage,replication_group,23.6,100,66,16,8,WARNING,ON,0,0,0
1f35e7b5-150a-59e2-89cf-707f8f0a960b,nimble-prod-037,mock_storage,storage_system,26.2,100000,63131,4,8,OK,OFF,0,0,0
e69dea4d-bad7-5aba-b2c8-9e9089cc2316,primera-san-038,mock_storage,storage_pool,20.5,10000,3148,32,2,OK,ON,0,0,0
1d8222dc-2949-5382-97ce-a0e4d5c14ab1,3par-array-039,mock_storage,volume,22.7,100000,70980,32,4,OK,ON,0,0,0
b2bc0a30-a9e8-571b-9e25-8bcd075ef558,storeonce-backup-040,mock_storage,volume_set,25.0,10000,1005,8,4,WARNING,ON,0,0,0
c7173a88-c67b-51ba-a565-fea5a45aa625,nas-prod-041,mock_storage,filesystem,21.6,5000,873,16,2,OK,ON,0,0,0
e1a49369-b153-5620-a7a8-93a0f2493c13,san-host-042,mock_storage,host,20.7,250,130,16,8,OK,ON,0,0,0
7aee8c2d-25bf-56e2-8c5f-98046367c310,alletra-array-043,mock_storage,host_group,21.9,100,78,4,2,OK,ON,0,0,0
06cf773b-3b93-5f37-b191-832dc0478b69,nimble-prod-044,mock_storage,snapshot,21.1,250,176,32,2,OK,ON,0,0,0
8ac92be4-d08b-5f74-a357-137e68739672,primera-san-045,mock_storage,replication_group,22.7,100,89,32,8,OK,ON,0,0,0
956701c1-2915-5ec9-9b4c-da020710fbca,3par-array-046,mock_storage,storage_system,29.1,2000,812,4,2,OK,ON,0,0,0
9e05ab54-6f37-5426-a127-cf19cebc31ac,storeonce-backup-047,mock_storage,storage_pool,27.0,100000,23129,4,8,OK,ON,0,0,0
fba778f4-bf84-51ac-943b-f92d6df621f1,nas-prod-048,mock_storage,volume,21.7,1000,817,32,2,OK,ON,0,0,0
05b84ca9-cfbc-548c-9e9c-401180aa61ef,san-host-049,mock_storage,volume_set,21.0,2000,596,32,4,OK,ON,0,0,0
84793b0c-9a5e-581c-802d-8daa11f1056e,alletra-array-050,mock_storage,filesystem,22.0,5000,1321,4,8,OK,ON,0,0,0
68ed2d01-6e96-5b60-9ca9-152c91c94c65,nimble-prod-051,mock_storage,host,21.5,1000,618,4,2,OK,ON,0,0,0
1116403b-b6c7-5c90-8782-801c49bd29a9,primera-san-052,mock_storage,host_group,20.9,1000,755,4,8,OK,ON,0,0,0
9f52ac46-55b1-597d-8302-c874e1348297,3par-array-053,mock_storage,snapshot,20.1,500,436,8,4,OK,ON,0,0,0
2c2b5001-5aca-5b20-b407-416836685d5e,storeonce-backup-054,mock_storage,replication_group,24.5,500,359,8,4,WARNING,ON,0,0,0
e489756a-47f6-51bb-8a62-166c21533270,nas-prod-055,mock_storage,storage_system,27.8,10000,5052,4,4,OK,ON,0,0,0
ebda3d49-26e5-571a-96e2-69a0befdbf22,san-host-056,mock_storage,storage_pool,24.0,100000,52925,32,2,OK,ON,0,0,0
c52e3908-393f-5809-b3c5-606e6af0b726,alletra-array-057,mock_storage,volume,22.2,50000,18070,8,2,OK,ON,0,0,0
aa2d4816-2de0-53ac-821b-ad7c86a22afc,nimble-prod-058,mock_storage,volume_set,26.1,2000,292,32,8,OK,ON,0,0,0
54bf2fa6-9fbd-5656-b036-3c5acb97f5dd,primera-san-059,mock_storage,filesystem,23.5,100000,69335,4,4,OK,ON,0,0,0
f84c5f65-ee18-5f17-aac0-d50a3daa3381,3par-array-060,mock_storage,host,21.0,250,195,8,4,WARNING,ON,0,0,0
bb58289f-82cd-5cae-a9fd-51547a10914e,storeonce-backup-061,mock_storage,host_group,24.2,500,283,8,8,OK,ON,0,0,0
cf8f7ffe-841e-553a-97fb-66f16b9de38b,nas-prod-062,mock_storage,snapshot,22.2,100,80,4,4,OK,ON,0,0,0
d75ee4bb-149a-5bbd-877f-bf835c82893e,san-host-063,mock_storage,replication_group,22.2,100,60,4,4,OK,ON,0,0,0
50d90b33-9c6b-5ad9-a967-43a2f119755e,alletra-array-064,mock_storage,storage_system,27.0,50000,31964,8,4,OK,ON,0,0,0
018576fb-7c9f-5afc-9459-2a9b0a5583aa,nimble-prod-065,mock_storage,storage_pool,25.9,1000,477,4,2,OK,ON,0,0,0
05c9dea0-6adf-5700-9110-c12b262e6921,primera-san-066,mock_storage,volume,21.2,5000,1493,32,2,OK,ON,0,0,0
1c448f4a-ec75-5c72-819c-766ace966718,3par-array-067,mock_storage,volume_set,22.6,100000,82155,4,8,OK,ON,0,0,0
58efd896-7789-596c-80c9-53cd68f1246f,storeonce-backup-068,mock_storage,filesystem,26.4,5000,3594,4,4,OK,ON,0,0,0
c7843b71-3fd1-5a44-ba21-c97f66103c84,nas-prod-069,mock_storage,host,20.7,1000,503,8,4,OK,ON,0,0,0
19084ad8-5985-565c-9e62-b89aef053fe5,san-host-070,mock_storage,host_group,22.4,250,171,32,2,OK,ON,0,0,0
e39e22ef-e3ba-51fe-aea6-9ce5fe0686a2,alletra-array-071,mock_storage,snapshot,24.4,250,140,32,2,OK,ON,0,0,0
2e56aded-5ee6-5aa2-a1a4-d1ecb407cfa3,nimble-prod-072,mock_storage,replication_group,22.8,100,88,4,8,OK,ON,0,0,0
66224c7d-7af9-52ae-944b-af686fb562d6,primera-san-073,mock_storage,storage_system,31.4,2000,1338,8,4,OK,ON,0,0,0
4dfd460b-2835-575c-8e64-23d25d5f2181,3par-array-074,mock_storage,storage_pool,27.4,100000,16792,16,4,OK,ON,0,0,0
ffc1cfbd-ba24-541f-8d48-38eb6d337418,storeonce-backup-075,mock_storage,volume,21.1,100000,87137,4,4,OK,ON,0,0,0
0717439c-00a9-5c59-9a18-1eeb6d13d440,nas-prod-076,mock_storage,volume_set,22.1,100000,36100,32,8,OK,ON,0,0,0
6a2b14f3-8aa9-5eeb-8238-a10764f08efe,san-host-077,mock_storage,filesystem,21.9,1000,231,4,2,OK,ON,0,0,0
89b6b20d-efc3-5378-aa86-68700b8d9fe4,alletra-array-078,mock_storage,host,23.3,500,442,8,4,OK,ON,0,0,0
6c6053cb-85a7-5134-a95e-7a97954f0b9d,nimble-prod-079,mock_storage,host_group,22.1,100,53,16,8,OK,ON,0,0,0
9fb5be58-0dee-5e56-8366-51226ffdee04,primera-san-080,mock_storage,snapshot,20.3,500,279,8,4,OK,ON,0,0,0
215b62a4-2192-52cc-a8ec-879dd3ade736,3par-array-081,mock_storage,replication_group,20.4,500,302,8,2,WARNING,ON,0,0,0
8d2f8409-a2bb-5f29-b54a-201aa124179f,storeonce-backup-082,mock_storage,storage_system,26.6,2000,409,4,2,OK,ON,0,0,0
5c379b49-9507-5041-96f1-f3555828f8e7,nas-prod-083,mock_storage,storage_pool,23.0,1000,897,16,2,OK,ON,0,0,0
4c328335-34a1-5ece-afc0-1106a987ce59,san-host-084,mock_storage,volume,25.2,1000,853,16,2,OK,ON,0,0,0
68428b4b-da0b-5d53-9740-f5e3a43cb005,alletra-array-085,mock_storage,volume_set,27.4,1000,406,32,4,OK,ON,0,0,0
5021747f-4846-5fd0-a293-6fab95e5880e,nimble-prod-086,mock_storage,filesystem,22.8,1000,591,32,2,OK,ON,0,0,0
49b5d637-61cc-58f0-babd-bfba1e4cdfa4,primera-san-087,mock_storage,host,25.2,1000,664,32,2,OK,ON,0,0,0
8a3d5e4b-9e67-5221-a209-2e39403c4a26,3par-array-088,mock_storage,host_group,23.1,1000,579,8,8,CRITICAL,ON,0,0,0
8c57c4b5-0831-5f03-acae-5f2ca7020d89,storeonce-backup-089,mock_storage,snapshot,24.3,100,89,16,4,OK,ON,0,0,0
4e968b40-d9c5-5a33-aa78-8f0944d13aec,nas-prod-090,mock_storage,replication_group,23.9,500,327,8,2,OK,ON,0,0,0
4ebd01a4-fc81-5fb7-b10e-159602384205,san-host-091,mock_storage,storage_system,29.6,2000,1758,32,8,OK,ON,0,0,0
bc932b81-8818-550e-acc9-40a01430a5a0,alletra-array-092,mock_storage,storage_pool,25.3,50000,38860,4,2,OK,ON,0,0,0
87ec7a39-1d2b-5ea1-8653-1e223d8bb7c0,nimble-prod-093,mock_storage,volume,22.8,100000,38702,16,8,OK,ON,0,0,0
97313909-0f0e-580b-9326-2f2441de6706,primera-san-094,mock_storage,volume_set,25.6,2000,1538,8,8,OK,ON,0,0,0
f323bdf9-dc22-51b0-889e-b7fab002b4b6,3par-array-095,mock_storage,filesystem,27.8,1000,286,4,2,OK,ON,0,0,0
58dce085-4415-510d-95c0-8f6afc8dc3af,storeonce-backup-096,mock_storage,host,24.2,100,63,8,2,OK,ON,0,0,0
48dd87c9-5b05-5df0-a407-ca3f8f209ecb,nas-prod-097,mock_storage,host_group,21.4,500,261,8,8,OK,ON,0,0,0
0fd85f53-4680-5733-8af9-41bbcc421242,san-host-098,mock_storage,snapshot,21.1,100,83,16,2,OK,ON,0,0,0
20685b60-5ec0-59dc-a9ab-6d101f7c12d2,alletra-array-099,mock_storage,replication_group,27.5,1000,734,16,4,OK,ON,0,0,0
6f36d8bc-d439-5f37-96d5-4764e46b5aaf,nimble-prod-100,mock_storage,storage_system,29.1,50000,32742,32,8,WARNING,ON,0,0,0
cd3e259b-3ca4-5fb7-b765-16c6f53e594d,primera-san-101,mock_storage,storage_pool,26.3,5000,3435,8,4,OK,ON,0,0,0
a32deacc-5e63-5f47-8ac0-eb3fb01482c5,3par-array-102,mock_storage,volume,21.4,1000,245,32,8,OK,ON,0,0,0
ed88d6ff-8bd7-5f5f-ba51-ef0ba02f4104,storeonce-backup-103,mock_storage,volume_set,26.5,2000,729,4,4,OK,ON,0,0,0
00faf4f9-406f-56a8-8527-f298956e59dc,nas-prod-104,mock_storage,filesystem,22.8,100000,61128,4,8,OK,ON,0,0,0
20f6a262-c4eb-590a-8398-48846881c4cb,san-host-105,mock_storage,host,23.6,500,291,4,4,OK,ON,0,0,0
92428a49-0d45-5e6f-ad09-d2fd8ac18abf,alletra-array-106,mock_storage,host_group,20.9,100,51,32,8,OK,ON,0,0,0
d7dfaf7e-0306-5b14-96d0-30526d1bd916,nimble-prod-107,mock_storage,snapshot,21.3,1000,697,32,4,OK,ON,0,0,0
55b2e46d-c373-59f3-abe0-5abe0bb82415,primera-san-108,mock_storage,replication_group,20.8,1000,815,8,2,OK,ON,0,0,0
015b17a4-d0a4-5d96-8b51-298a90ae1d9b,3par-array-109,mock_storage,storage_system,37.4,2000,1620,16,4,OK,ON,0,0,0
36f50a67-0a0c-56a4-b5ba-bd9ebf8dde9a,storeonce-backup-110,mock_storage,storage_pool,20.6,1000,445,32,8,OK,ON,0,0,0
277de239-7cd5-5597-8b6e-d620446197f0,nas-prod-111,mock_storage,volume,24.9,2000,1759,4,4,OK,ON,0,0,0
536425d3-1615-571e-9106-b38102028d50,san-host-112,mock_storage,volume_set,24.4,1000,139,16,2,OK,ON,0,0,0
a8c7fe72-34d7-5146-b84c-48f00f6161f3,alletra-array-113,mock_storage,filesystem,26.7,1000,335,4,4,OK,ON,0,0,0
85343400-9c22-51c6-82f4-93dcde6e5375,nimble-prod-114,mock_storage,host,24.8,250,134,8,2,OK,ON,0,0,0
005778ad-f749-5f72-a192-ec61fb6f79a2,primera-san-115,mock_storage,host_group,27.8,1000,837,16,4,OK,ON,0,0,0
2aee64ba-b442-5d86-a634-9b573159c086,3par-array-116,mock_storage,snapshot,27.2,500,268,32,2,OK,ON,0,0,0
7888b1f1-9700-5855-886a-6a312cb2b596,storeonce-backup-117,mock_storage,replication_group,23.1,250,169,16,4,OK,ON,0,0,0
539bea81-662b-5fda-8945-1b6ac54cf4c0,nas-prod-118,mock_storage,storage_system,33.7,5000,3732,8,8,OK,ON,0,0,0
2a3182a5-2b66-58be-aed9-7c563b5614b8,san-host-119,mock_storage,storage_pool,26.1,10000,8725,32,8,OK,ON,0,0,0
9974a3fe-c6bf-5edc-8b2d-25811192f40a,alletra-array-120,mock_storage,volume,27.5,100000,12778,4,4,OK,ON,0,0,0
71f611c8-bf55-5ef7-a5aa-7fd804d37465,nimble-prod-121,mock_storage,volume_set,24.1,2000,1755,32,2,OK,ON,0,0,0
014db838-cc86-5f1d-841a-b860f64c5e01,primera-san-122,mock_storage,filesystem,21.0,100000,21830,32,2,OK,ON,0,0,0
f847e30f-65d9-53f6-abf8-eb3fbaeeb324,3par-array-123,mock_storage,host,22.6,100,53,32,8,OK,ON,0,0,0
b7d82663-d80d-551f-a44f-09edeaa7d87c,storeonce-backup-124,mock_storage,host_group,22.2,1000,866,4,8,OK,ON,0,0,0
b236fa76-e0ec-58ab-a901-0288f3941d1f,nas-prod-125,mock_storage,snapshot,24.2,1000,545,8,2,OK,ON,0,0,0
4e58a57b-34ed-5e33-976b-e15c2c6b3ae1,san-host-126,mock_storage,replication_group,24.7,100,86,4,4,OK,ON,0,0,0
316d229f-8be0-5e33-b07e-09198b5ccf56,alletra-array-127,mock_storage,storage_system,32.9,5000,2111,32,8,OK,ON,0,0,0
1e4962a3-6e02-5019-a3c4-8e9311b09f9d,nimble-prod-128,mock_storage,storage_pool,25.4,2000,278,16,8,OK,ON,0,0,0
23c09bf9-0922-535b-8e3f-f9b7cfc51ff4,primera-san-129,mock_storage,volume,22.1,5000,3871,16,4,OK,ON,0,0,0
45196f40-1a39-5997-b0b9-6443d04b3cbd,3par-array-130,mock_storage,volume_set,25.5,5000,3415,32,4,OK,ON,0,0,0
d4b3489f-13e2-5c68-9c9c-82cd906704d0,storeonce-backup-131,mock_storage,filesystem,20.7,10000,7075,32,8,OK,ON,0,0,0
2435c040-d7db-52a4-9f32-b6b40ccb18f5,nas-prod-132,mock_storage,host,26.6,250,131,32,2,OK,ON,0,0,0
b7e7884e-d156-55bb-ae21-6251d56b40e9,san-host-133,mock_storage,host_group,24.2,100,56,8,2,OK,ON,0,0,0
3bc28241-498b-5745-ab02-6b71d772f30f,alletra-array-134,mock_storage,snapshot,23.7,500,390,16,4,OK,ON,0,0,0
f654c547-6eaf-514e-93c9-18b54ac5bacc,nimble-prod-135,mock_storage,replication_group,24.0,100,77,8,4,OK,ON,0,0,0
1e5c6c3d-ecbf-5e9d-9472-6d976fedc361,primera-san-136,mock_storage,storage_system,27.1,100000,76469,16,4,OK,ON,0,0,0
34aebc46-f2fb-54fe-9896-b6a9b1a94c4c,3par-array-137,mock_storage,storage_pool,20.2,100000,28008,8,2,OK,ON,0,0,0
a53055cc-2cf4-51b9-a748-707f085ce066,storeonce-backup-138,mock_storage,volume,25.2,2000,1235,4,4,OK,ON,0,0,0
c2671e2f-e117-584e-b701-64d76158ab61,nas-prod-139,mock_storage,volume_set,20.1,100000,61419,16,8,OK,ON,0,0,0
18c8f351-0758-556b-a075-a169ce959c60,san-host-140,mock_storage,filesystem,23.0,5000,3208,8,4,OK,ON,0,0,0
06c5f006-e97e-5e31-a7bd-6c511d0a8b8b,alletra-array-141,mock_storage,host,23.2,100,50,16,8,OK,ON,0,0,0
443e7dda-d2a1-511b-a42d-168f354a2b6f,nimble-prod-142,mock_storage,host_group,24.9,500,386,32,2,OK,ON,0,0,0
cd66c00d-fac3-5a9e-9e6b-4f9750ee5938,primera-san-143,mock_storage,snapshot,22.2,500,422,16,8,OK,ON,0,0,0
89a4e125-87ab-5355-b296-b7d07c84bceb,3par-array-144,mock_storage,replication_group,27.1,500,287,8,2,OK,ON,0,0,0
d143c16f-2edb-5124-a8a2-c1dd3bcd06f1,storeonce-backup-145,mock_storage,storage_system,25.3,5000,1537,8,8,OK,ON,0,0,0
123554c9-b81c-58f4-b8e9-1fb63a6838d4,nas-prod-146,mock_storage,storage_pool,23.1,100000,67069,8,4,OK,ON,0,0,0
fb170392-8b27-5792-90f5-00bf404d776b,san-host-147,mock_storage,volume,25.1,5000,3881,16,8,OK,ON,0,0,0
7617e278-2cfe-5979-84fb-eaf24321a564,alletra-array-148,mock_storage,volume_set,27.0,100000,30692,32,2,OK,ON,0,0,0
d86e76ed-fbd1-5b53-86ff-5f0b4ec66a99,nimble-prod-149,mock_storage,filesystem,26.1,1000,277,16,8,OK,ON,0,0,0
5119468f-23a6-54b9-9a71-4cfc039b8780,primera-san-150,mock_storage,host,27.0,1000,815,16,4,OK,ON,0,0,0
eb7b5880-a1c9-510e-96b6-fa03899d7e64,3par-array-151,mock_storage,host_group,22.4,100,68,4,4,OK,ON,0,0,0
39bc7625-7f7b-5c9f-986b-7628af5c4efe,storeonce-backup-152,mock_storage,snapshot,24.0,1000,711,32,2,OK,ON,0,0,0
54f9a565-87f3-52fe-b823-f4cb4b8e79fd,nas-prod-153,mock_storage,replication_group,21.2,250,159,32,2,OK,ON,0,0,0
d50ad921-8002-5937-bf92-22a152424e05,san-host-154,mock_storage,storage_system,33.2,5000,1337,8,4,OK,ON,0,0,0
99f5d625-1fb6-5ed2-a90b-1f898cd58c63,alletra-array-155,mock_storage,storage_pool,24.6,50000,22348,4,2,OK,ON,0,0,0
05060d8d-b93f-5cee-83a5-9acba4852bbb,nimble-prod-156,mock_storage,volume,23.4,2000,1369,4,8,WARNING,ON,0,0,0
75bbf5ba-daab-5b36-a916-ba5cbf4a6cfa,primera-san-157,mock_storage,volume_set,27.1,100000,29905,4,8,OK,ON,0,0,0
a49af77a-9762-58ad-8450-dea254ba881b,3par-array-158,mock_storage,filesystem,22.8,1000,759,16,2,OK,ON,0,0,0
b279f136-6442-5b01-9759-6b3ffa802861,storeonce-backup-159,mock_storage,host,22.3,500,336,8,4,CRITICAL,ON,0,0,0
297bdd83-0dd9-5343-9cfc-59f6f0897c72,nas-prod-160,mock_storage,host_group,23.9,250,141,32,2,OK,ON,0,0,0
da17e255-244d-52f1-bced-2dd0513cde92,san-host-161,mock_storage,snapshot,25.8,250,146,4,8,OK,ON,0,0,0
ea853f8c-8619-550b-a6b6-e890d416ae66,alletra-array-162,mock_storage,replication_group,21.0,100,65,16,8,OK,ON,0,0,0
d6419a1b-1d5d-516e-8818-cdc0eb66e14c,nimble-prod-163,mock_storage,storage_system,34.0,10000,1988,4,2,OK,ON,0,0,0
c1affa12-bcc0-5e61-9433-2cd6cac0bfba,primera-san-164,mock_storage,storage_pool,25.6,10000,6293,4,4,OK,ON,0,0,0
5118fda6-3497-594e-a4f0-3f64e789b1b0,3par-array-165,mock_storage,volume,22.2,100000,59415,4,8,OK,ON,0,0,0
9e881458-8367-5e51-b31b-16e7b7459a6e,storeonce-backup-166,mock_storage,volume_set,26.3,50000,43924,8,4,OK,ON,0,0,0
f104fa3e-0a96-574f-b959-3c5fd0743965,nas-prod-167,mock_storage,filesystem,23.3,100000,84649,32,2,OK,ON,0,0,0
90af1b92-cb46-5d27-ac3f-991993624606,san-host-168,mock_storage,host,20.0,100,86,32,2,WARNING,ON,0,0,0
e3cd877f-436b-5c50-be10-e8db09285277,alletra-array-169,mock_storage,host_group,26.2,100,78,4,4,OK,ON,0,0,0
3409bf43-e03c-5e3f-8bb0-2d612fca380f,nimble-prod-170,mock_storage,snapshot,23.7,500,302,4,2,OK,ON,0,0,0
5be7729f-2938-5e2e-b9e8-b2c6a33f030a,primera-san-171,mock_storage,replication_group,27.0,500,322,16,4,OK,ON,0,0,0
3e169052-d535-51b4-b832-6d806eb19422,3par-array-172,mock_storage,storage_system,33.4,10000,8640,8,8,OK,ON,0,0,0
01c09dbe-0ed5-5d79-a223-d820f2601de2,storeonce-backup-173,mock_storage,storage_pool,25.9,10000,4202,8,2,OK,ON,0,0,0
bac3789e-0931-5640-8c58-6dcec540d162,nas-prod-174,mock_storage,volume,26.7,2000,1313,8,2,OK,ON,0,0,0
fbb2fddf-a354-51e5-8d11-e40dd69aec81,san-host-175,mock_storage,volume_set,27.5,100000,45053,32,8,OK,ON,0,0,0
93ef93eb-1acd-514b-9b10-73adee13f468,alletra-array-176,mock_storage,filesystem,26.2,10000,1903,8,4,OK,ON,0,0,0
22b0ffd3-6792-5264-9dc7-ee1e37aa394a,nimble-prod-177,mock_storage,host,20.4,500,380,4,8,OK,ON,0,0,0
b92d5d35-0a69-5bc5-8860-af9687582569,primera-san-178,mock_storage,host_group,24.2,250,222,16,8,OK,ON,0,0,0
1b85a7f4-89ca-5e77-bdd6-ae067e2c86d8,3par-array-179,mock_storage,snapshot,25.6,100,67,8,4,OK,ON,0,0,0
6c312abf-0e71-53be-a064-53917742885b,storeonce-backup-180,mock_storage,replication_group,25.4,1000,559,4,2,OK,ON,0,0,0
2e285080-4600-5411-82a0-07b3e75f54d0,nas-prod-181,mock_storage,storage_system,34.8,5000,4380,8,2,OK,ON,0,0,0
65ed3f9f-86ae-5ae6-b50f-fd991a388e1b,san-host-182,mock_storage,storage_pool,21.8,10000,4553,8,2,OK,ON,0,0,0
0a862de1-1662-5761-8879-5e75ff940658,alletra-array-183,mock_storage,volume,20.7,100000,62269,4,4,OK,ON,0,0,0
a865e2df-0035-5855-9f19-c82edcf86067,nimble-prod-184,mock_storage,volume_set,23.3,50000,13274,16,8,OK,ON,0,0,0
86b9ba06-aae5-5d82-8d87-aa75821bef4f,primera-san-185,mock_storage,filesystem,27.6,5000,2740,8,4,OK,ON,0,0,0
93a5d3f6-603a-51e4-b919-8ebffd2c7d73,3par-array-186,mock_storage,host,23.8,500,393,4,2,OK,ON,0,0,0
dd36b427-da37-599b-a1c8-97ae244fed45,storeonce-backup-187,mock_storage,host_group,21.8,500,321,16,8,OK,ON,0,0,0
f4af02da-d4a8-5bca-8dda-1cb8fa323397,nas-prod-188,mock_storage,snapshot,25.6,100,85,32,2,OK,ON,0,0,0
782d6463-73b5-573c-8ca9-0b8efdfa6c8b,san-host-189,mock_storage,replication_group,25.9,1000,542,8,2,OK,ON,0,0,0
8fb1fe26-d145-5685-83a7-b3017b881756,alletra-array-190,mock_storage,storage_system,29.4,1000,841,8,8,OK,ON,0,0,0
03d441c5-fcd9-58ff-9f91-0ec8b3bfaf1f,nimble-prod-191,mock_storage,storage_pool,24.7,1000,524,8,4,OK,ON,0,0,0
45109a8c-9929-5323-8cd2-6b4ca718d225,primera-san-192,mock_storage,volume,27.5,50000,11946,8,8,OK,ON,0,0,0
61efccd6-bcf4-54c4-b3aa-6d5c55170854,3par-array-193,mock_storage,volume_set,20.8,50000,41636,32,4,OK,ON,0,0,0
30672597-ec93-5fef-81fc-ca0fc926d4d5,storeonce-backup-194,mock_storage,filesystem,22.2,2000,860,32,2,OK,ON,0,0,0
73c88b5f-a284-5d48-b1f3-2e72a122d0fa,nas-prod-195,mock_storage,host,26.0,500,418,16,8,OK,ON,0,0,0
41ca88c9-2a26-51f2-983a-d46f4cf49c1f,san-host-196,mock_storage,host_group,24.4,250,145,16,8,OK,ON,0,0,0
f823e9ea-57db-5a10-bdd0-d74b57e16d44,alletra-array-197,mock_storage,snapshot,25.4,250,175,16,8,OK,ON,0,0,0
ef2009bb-807d-5236-9fdc-bf1647a7eea1,nimble-prod-198,mock_storage,replication_group,22.8,1000,733,32,8,OK,ON,0,0,0
e6ec3559-f714-5c1a-a291-e107b35e5ceb,primera-san-199,mock_storage,storage_system,31.8,2000,284,32,2,OK,ON,0,0,0
3a0d2bea-f9c5-54ed-8910-eb2a49ff42c8,3par-array-200,mock_storage,storage_pool,22.1,1000,652,16,2,OK,ON,0,0,0
f0c69826-5071-5e30-a246-837f130cdb28,aruba-cx-001,mock_network,switch,42.8,100,64,32,2,OK,ON,0,0,0
c17bf06e-a587-5920-a6e7-6add29854f71,core-sw-002,mock_network,router,43.9,1000,595,16,8,OK,ON,0,0,0
9d845b10-c17f-5b77-9d78-54bc6b0b17c4,edge-router-003,mock_network,firewall,45.8,500,443,4,2,OK,ON,0,0,0
8b2e4a8b-911c-5f66-aaa1-2b92542e5e62,wireless-ctrl-004,mock_network,gateway,41.1,1000,831,16,8,OK,ON,0,0,0
177d15f9-4fc7-5285-a9aa-8858cdd24ab0,net-gateway-005,mock_network,wireless_controller,51.1,500,339,4,2,OK,ON,0,0,0
8df89bc6-f664-578b-8e0a-3c41b22eafba,ap-floor-006,mock_network,access_point,42.0,500,361,8,2,OK,ON,0,0,0
ec404fb1-42eb-5b6c-b1e5-25401813d774,vlan-cfg-007,mock_network,vlan,25.7,250,128,16,8,OK,ON,0,0,0
9d7729a2-d17a-51d4-9558-6a1d9d89ece4,port-channel-cfg-008,mock_network,port_channel,27.5,500,348,16,2,OK,ON,0,0,0
2a4df23c-eb99-5c4f-afa4-3e7a08355f39,aruba-cx-009,mock_network,switch,31.8,250,220,4,8,OK,ON,0,0,0
18dead96-60c0-531d-a5e7-40135ac70186,core-sw-010,mock_network,router,35.0,250,191,16,4,OK,ON,0,0,0
212a0777-5ce8-5924-a3ef-b4ae204446ef,edge-router-011,mock_network,firewall,33.8,100,54,16,4,OK,ON,0,0,0
749293b0-55f9-5cd4-999f-fb099e3fd8af,wireless-ctrl-012,mock_network,gateway,50.0,100,77,16,4,OK,ON,0,0,0
899bda01-341f-5fd8-b7aa-dc328d71473b,net-gateway-013,mock_network,wireless_controller,47.3,500,254,16,8,OK,ON,0,0,0
69c82fed-c363-5cb7-9407-8f433dd315a2,ap-floor-014,mock_network,access_point,32.0,250,157,4,2,OK,ON,0,0,0
aa0dc180-2a7c-58aa-a294-2a807cf35b2c,vlan-cfg-015,mock_network,vlan,20.1,100,58,8,8,OK,ON,0,0,0
f37f70d7-82b2-59de-b853-4cf856c45cf0,port-channel-cfg-016,mock_network,port_channel,20.8,1000,758,4,8,OK,ON,0,0,0
7638b571-f587-54a8-8554-90ed58606af2,aruba-cx-017,mock_network,switch,32.3,500,257,4,2,OK,ON,0,0,0
69c84ee9-b74c-5066-b15d-a93c37207b75,core-sw-018,mock_network,router,37.7,500,331,32,8,OK,ON,0,0,0
2292a87e-c97b-5a7d-b046-1242b294b16e,edge-router-019,mock_network,firewall,42.1,100,75,4,8,OK,ON,0,0,0
f6507294-c624-5a11-826a-85b5673218dd,wireless-ctrl-020,mock_network,gateway,30.1,100,61,16,8,OK,ON,0,0,0
6535cb9f-cb9b-5e3e-a764-cdd6949d18ed,net-gateway-021,mock_network,wireless_controller,45.9,100,68,8,2,OK,ON,0,0,0
6c71519d-326b-5a40-a4e9-f3d8a3d2b847,ap-floor-022,mock_network,access_point,41.3,250,154,16,2,OK,ON,0,0,0
8e5c0502-2173-5b30-9ec9-ee8220bd5f26,vlan-cfg-023,mock_network,vlan,20.0,1000,714,4,4,OK,ON,0,0,0
37e1b0fd-b250-5cfa-81f7-8a93be4730fc,port-channel-cfg-024,mock_network,port_channel,25.9,500,292,8,2,OK,ON,0,0,0
a6cb0c43-f954-500d-8f75-0b3d87e7c565,aruba-cx-025,mock_network,switch,47.2,500,288,8,8,OK,ON,0,0,0
2c17347c-14ab-5fcf-ab5a-ca76cb6bd63c,core-sw-026,mock_network,router,44.1,1000,757,4,4,OK,ON,0,0,0
330efc8b-8032-5368-b30c-201f76c8e155,edge-router-027,mock_network,firewall,34.8,500,321,8,2,OK,ON,0,0,0
9968addb-bada-502a-b448-9fe829e3cfde,wireless-ctrl-028,mock_network,gateway,42.0,500,373,16,8,OK,ON,0,0,0
84c338a8-3823-5253-b6b2-b60f40fba01f,net-gateway-029,mock_network,wireless_controller,46.9,1000,567,16,2,OK,ON,0,0,0
51598401-3efc-5629-8968-1f68d85bde63,ap-floor-030,mock_network,access_point,39.1,500,276,16,4,OK,ON,0,0,0
0b6194a3-1b4e-56b1-addd-3842cbb45da9,vlan-cfg-031,mock_network,vlan,24.4,250,189,4,4,OK,ON,0,0,0
94a6c7cb-b8b9-519d-9d17-13329ed666d8,port-channel-cfg-032,mock_network,port_channel,21.1,250,151,4,8,OK,ON,0,0,0
4e829f0f-f4f2-56fe-9df9-211880258fc7,aruba-cx-033,mock_network,switch,33.1,100,82,32,8,OK,ON,0,0,0
a54f1a82-23e8-57a9-9ef0-cbe932e5b5db,core-sw-034,mock_network,router,37.4,1000,761,8,4,OK,ON,0,0,0
3c8b0ed0-18b6-57e7-8230-3808ad5eb255,edge-router-035,mock_network,firewall,36.7,250,171,4,4,OK,ON,0,0,0
b6b70036-d263-5aff-b38c-e6abe7b8646a,wireless-ctrl-036,mock_network,gateway,31.8,250,200,8,4,OK,ON,0,0,0
e7c1e357-ff3c-564b-afa8-00b3abfb9e5c,net-gateway-037,mock_network,wireless_controller,29.0,250,198,32,4,OK,ON,0,0,0
c0990e41-c9f4-5038-a484-19fe14d1ff98,ap-floor-038,mock_network,access_point,49.8,250,129,8,8,OK,ON,0,0,0
d5ac783d-95e6-5a79-ae3b-bb9b1f2e3c30,vlan-cfg-039,mock_network,vlan,23.6,100,51,16,2,OK,ON,0,0,0
19d9712f-7494-5660-b0a8-843676974771,port-channel-cfg-040,mock_network,port_channel,24.2,500,416,16,8,OK,ON,0,0,0
3845a800-e6e0-5783-87d9-1df5e867f5da,aruba-cx-041,mock_network,switch,34.0,1000,646,4,8,OK,OFF,0,0,0
2a0fff57-0f85-5d4c-9c76-47dbf345ea7f,core-sw-042,mock_network,router,28.2,500,347,32,8,OK,ON,0,0,0
586907ec-96cc-51b5-836f-4e0de92f34d3,edge-router-043,mock_network,firewall,36.7,500,292,8,2,OK,ON,0,0,0
e1370bfa-db80-5309-8613-dc175e4f5fa7,wireless-ctrl-044,mock_network,gateway,39.5,500,394,32,8,OK,ON,0,0,0
77f70045-c215-57d4-b811-8075b245d947,net-gateway-045,mock_network,wireless_controller,42.2,100,59,8,8,OK,ON,0,0,0
24471b74-5b73-5156-8425-4ee110b656b2,ap-floor-046,mock_network,access_point,40.4,250,130,16,2,WARNING,ON,0,0,0
5a9cb4b3-bf6a-531a-a28f-e675bbbb76cf,vlan-cfg-047,mock_network,vlan,25.1,500,439,8,4,OK,ON,0,0,0
ddb68a1b-0477-56ac-b8e0-a17101a36e43,port-channel-cfg-048,mock_network,port_channel,23.8,1000,568,32,8,OK,ON,0,0,0
95badffe-6f0c-5196-8fd3-f9230d33ed6d,aruba-cx-049,mock_network,switch,45.4,250,187,16,2,OK,ON,0,0,0
c651c3bd-8946-52d7-aae9-0f994c082c9c,core-sw-050,mock_network,router,28.4,250,162,8,2,OK,ON,0,0,0
be969219-7551-5e50-8d7a-075d99771711,edge-router-051,mock_network,firewall,49.6,250,185,8,4,OK,ON,0,0,0
b97c2181-4f2f-54a4-a72a-a5d3c76060c2,wireless-ctrl-052,mock_network,gateway,40.9,100,53,8,8,WARNING,ON,0,0,0
cad8a15b-c4fa-52bf-bf6d-e9434d5569b2,net-gateway-053,mock_network,wireless_controller,44.7,1000,708,16,2,WARNING,ON,0,0,0
da363650-d1f9-5b76-aa15-6e0e1c0f44f0,ap-floor-054,mock_network,access_point,31.2,1000,640,4,4,OK,ON,0,0,0
5d37f876-a0da-5983-9b57-6b24eb035b8b,vlan-cfg-055,mock_network,vlan,26.9,500,369,32,4,OK,ON,0,0,0
0fed736b-b28a-5569-b912-a770428f2323,port-channel-cfg-056,mock_network,port_channel,25.7,100,73,4,8,OK,ON,0,0,0
20b4343b-1da1-5f47-be13-d5a9e5917714,aruba-cx-057,mock_network,switch,38.2,500,331,4,2,OK,ON,0,0,0
9ea5f3f3-ba0a-562b-a234-ea2a921a88d3,core-sw-058,mock_network,router,37.9,500,372,32,2,OK,ON,0,0,0
4899be68-d9ca-57cb-b347-a431410646d0,edge-router-059,mock_network,firewall,36.3,1000,601,16,8,OK,ON,0,0,0
2695eccd-7d04-50a6-8174-7decafabec35,wireless-ctrl-060,mock_network,gateway,50.8,100,79,32,8,OK,ON,0,0,0
f0c502ea-2e5f-5b81-9e0e-b007d7354e1b,net-gateway-061,mock_network,wireless_controller,47.8,100,56,4,2,OK,ON,0,0,0
7fe9bec7-9e4d-57aa-9996-e0d4b033abe7,ap-floor-062,mock_network,access_point,28.9,500,294,4,8,CRITICAL,ON,0,0,0
d953573a-b691-54c8-89d0-f1a8477e5ddd,vlan-cfg-063,mock_network,vlan,24.9,500,392,4,2,OK,ON,0,0,0
fc6e07a4-9199-517b-84ae-d847432fc377,port-channel-cfg-064,mock_network,port_channel,23.5,250,210,16,2,OK,ON,0,0,0
b75fb2f5-e061-5407-ae56-6fbc8e0391f9,aruba-cx-065,mock_network,switch,33.7,250,186,4,4,OK,ON,0,0,0
5985ab87-1e47-51b5-9bba-d744677997d1,core-sw-066,mock_network,router,42.1,1000,641,32,4,OK,ON,0,0,0
294e4526-471b-51e2-b602-26303d414514,edge-router-067,mock_network,firewall,51.1,100,71,16,4,OK,ON,0,0,0
ee42b92c-74fe-5bbd-9392-b2217970be7b,wireless-ctrl-068,mock_network,gateway,37.8,1000,729,16,2,OK,ON,0,0,0
461670e7-97ea-5950-b3a6-679da1a0b1b9,net-gateway-069,mock_network,wireless_controller,47.5,100,82,16,8,OK,ON,0,0,0
b47af4d1-2af2-5955-9892-cdc45974e5e1,ap-floor-070,mock_network,access_point,44.4,1000,807,16,4,OK,ON,0,0,0
c1f2d9e1-a6eb-515a-9139-5422b1c39cb4,vlan-cfg-071,mock_network,vlan,23.9,500,263,8,8,OK,ON,0,0,0
a9ef6194-19c9-519a-ab1d-3b44bf91b8a4,port-channel-cfg-072,mock_network,port_channel,26.4,1000,882,4,8,OK,ON,0,0,0
b3e163b3-4df3-5dbe-b882-9823f819c6f2,aruba-cx-073,mock_network,switch,41.3,100,65,16,2,OK,ON,0,0,0
614f68de-d4e3-522f-a680-64aab021d215,core-sw-074,mock_network,router,45.7,500,286,8,4,OK,ON,0,0,0
5ce348d7-9c6b-5ad0-ae78-39c70eaaae4e,edge-router-075,mock_network,firewall,36.5,250,145,8,8,OK,ON,0,0,0
9acbd595-ba50-52fc-a273-418047b9b68d,wireless-ctrl-076,mock_network,gateway,36.9,1000,745,4,4,OK,ON,0,0,0
d27fa0a0-4d54-5595-b167-333aef55dac6,net-gateway-077,mock_network,wireless_controller,33.3,500,348,16,4,OK,ON,0,0,0
2fd7a16c-7922-5a67-8435-1225d9cfc93e,ap-floor-078,mock_network,access_point,36.3,1000,875,4,8,OK,ON,0,0,0
cc80e2df-1708-5293-8001-ec11516e9a36,vlan-cfg-079,mock_network,vlan,23.7,100,77,32,4,OK,ON,0,0,0
b222bb72-309a-539b-bb93-27d10eabf98a,port-channel-cfg-080,mock_network,port_channel,20.1,250,162,4,4,OK,ON,0,0,0
2e60e34a-89c3-5a88-a5ef-f2bf4dd3e1c3,aruba-cx-081,mock_network,switch,39.3,250,179,8,4,OK,ON,0,0,0
4f4364d7-df47-5358-ba00-da28d04240c8,core-sw-082,mock_network,router,48.5,250,166,16,4,OK,ON,0,0,0
66397a47-91b1-593d-8482-d205aa09104e,edge-router-083,mock_network,firewall,41.3,250,206,16,2,OK,ON,0,0,0
9ffdf09a-8814-5915-aeae-abdf193888ee,wireless-ctrl-084,mock_network,gateway,38.1,250,172,4,2,OK,ON,0,0,0
90589da4-cd3f-541a-aa05-f6a277b82c44,net-gateway-085,mock_network,wireless_controller,41.5,500,407,16,4,OK,ON,0,0,0
43bb196e-ae77-57e7-b4d5-176ac1572912,ap-floor-086,mock_network,access_point,48.1,100,58,16,4,OK,ON,0,0,0
e4fcf76b-ffe0-527d-85f6-54f0a1442810,vlan-cfg-087,mock_network,vlan,22.1,500,362,16,4,OK,ON,0,0,0
35436a81-bf29-510d-aae4-0e4418b1cc20,port-channel-cfg-088,mock_network,port_channel,21.0,250,182,8,4,OK,ON,0,0,0
a349085f-051c-52ca-9d43-cccdfebe1c72,aruba-cx-089,mock_network,switch,37.1,1000,809,32,2,OK,ON,0,0,0
29e4cf0b-1d32-5754-b2f8-66f681a4318d,core-sw-090,mock_network,router,43.2,250,189,16,4,OK,ON,0,0,0
d999f166-749c-5799-ac6e-917f3c58ae74,edge-router-091,mock_network,firewall,43.7,250,159,16,4,OK,ON,0,0,0
cbef2aa0-efab-5d27-bda4-86c3a783ccac,wireless-ctrl-092,mock_network,gateway,42.1,1000,812,16,8,OK,OFF,0,0,0
bba60daa-29a3-57ff-b1d1-1554b6b74942,net-gateway-093,mock_network,wireless_controller,34.0,100,55,8,8,OK,ON,0,0,0
9a31b663-5867-593e-810e-f67451e53878,ap-floor-094,mock_network,access_point,41.2,1000,541,4,4,OK,ON,0,0,0
0dc53c73-4fd7-5d91-a3f7-e3b9c99d8ce0,vlan-cfg-095,mock_network,vlan,26.1,100,54,8,2,OK,ON,0,0,0
ae47a5e3-619f-5a87-a615-7b327abc3ee6,port-channel-cfg-096,mock_network,port_channel,27.1,500,295,16,4,OK,ON,0,0,0
518f074c-8b83-5c7e-83c8-e4e58b84529c,aruba-cx-097,mock_network,switch,48.7,250,127,16,4,OK,ON,0,0,0
eda8a3d5-684d-540b-a24a-e206ca5c6ff1,core-sw-098,mock_network,router,42.3,1000,554,8,8,OK,ON,0,0,0
57c6d3e9-c67a-5dec-98de-02110ce9eeee,edge-router-099,mock_network,firewall,33.5,500,431,32,8,OK,ON,0,0,0
2876527c-d470-5333-a4dc-822b2789b370,wireless-ctrl-100,mock_network,gateway,47.6,250,155,4,8,OK,ON,0,0,0
3544bc70-0860-5849-8aef-c618f7057882,net-gateway-101,mock_network,wireless_controller,35.2,100,77,32,4,OK,ON,0,0,0
f9c4c491-abae-519a-8c3d-dbb70bf34228,ap-floor-102,mock_network,access_point,49.2,100,71,8,4,OK,ON,0,0,0
02f45a12-7fed-5337-acb2-84d0a80a6b49,vlan-cfg-103,mock_network,vlan,25.7,1000,831,8,4,OK,ON,0,0,0
942cd7d5-8d16-54f2-a03a-15ddfc7ebe82,port-channel-cfg-104,mock_network,port_channel,25.0,500,306,16,4,OK,ON,0,0,0
04d2b515-0c66-5e1d-80d6-67a5610443e7,aruba-cx-105,mock_network,switch,38.9,250,153,32,8,OK,ON,0,0,0
6382d722-c137-5017-8ffa-21b2f9df3d54,core-sw-106,mock_network,router,51.3,250,129,4,2,OK,ON,0,0,0
73eb8e10-09db-56b8-935a-edeea56f51d4,edge-router-107,mock_network,firewall,39.8,100,59,8,2,OK,ON,0,0,0
c3114d01-6e24-55cc-ace0-022a3fa030b9,wireless-ctrl-108,mock_network,gateway,29.9,500,342,4,4,OK,ON,0,0,0
63454231-4351-57e8-aa28-43e5f5261bdd,net-gateway-109,mock_network,wireless_controller,32.6,1000,528,32,2,OK,ON,0,0,0
6a623bfe-6c50-5e3d-be82-bb703b736d11,ap-floor-110,mock_network,access_point,46.5,100,88,8,4,OK,ON,0,0,0
bffa4675-2ba0-5d56-a6e4-c1cb0cef6ec9,vlan-cfg-111,mock_network,vlan,20.3,1000,794,4,8,OK,ON,0,0,0
221d1bb3-53ae-5f2d-a205-428fbaadde78,port-channel-cfg-112,mock_network,port_channel,21.7,1000,772,16,4,OK,ON,0,0,0
d2237a70-5ab6-52b2-9963-bfc1bdc64927,aruba-cx-113,mock_network,switch,36.7,100,60,16,2,OK,ON,0,0,0
41a24cf0-7cde-59d0-9320-0aa73f121084,core-sw-114,mock_network,router,32.0,250,188,16,2,OK,ON,0,0,0
5af40b96-31da-5592-a6ef-ec9f2e9b4b99,edge-router-115,mock_network,firewall,42.3,100,88,32,8,OK,ON,0,0,0
45e82e66-846c-5e98-b8ae-f7c6309d605b,wireless-ctrl-116,mock_network,gateway,29.4,100,77,16,8,OK,ON,0,0,0
6a633463-e477-526b-b6a2-6bb6c515d400,net-gateway-117,mock_network,wireless_controller,51.6,100,55,8,4,OK,ON,0,0,0
b3741d0d-357d-5677-9a6a-7c44c8342ad4,ap-floor-118,mock_network,access_point,37.1,1000,793,4,8,OK,ON,0,0,0
98563db8-83d2-5db0-9d60-b04dce297c70,vlan-cfg-119,mock_network,vlan,20.3,1000,723,32,2,OK,ON,0,0,0
8617723e-e479-5cbe-92f3-ee90bd0405df,port-channel-cfg-120,mock_network,port_channel,24.3,500,396,16,8,OK,ON,0,0,0
efdd1a0a-bb3d-56c6-aa90-f3b923980fe4,aruba-cx-121,mock_network,switch,47.7,100,71,32,4,OK,ON,0,0,0
a012567b-fcd6-5419-a51e-fd09e118466b,core-sw-122,mock_network,router,48.6,1000,793,4,8,OK,ON,0,0,0
6c2c88e3-a240-55d5-8cf0-3059798b7831,edge-router-123,mock_network,firewall,31.7,1000,575,32,8,OK,ON,0,0,0
e4ed41b2-4d35-53f2-b938-9ff3df252556,wireless-ctrl-124,mock_network,gateway,48.0,100,70,4,2,OK,ON,0,0,0
2260f893-7020-5eea-9e14-3a00e08e6261,net-gateway-125,mock_network,wireless_controller,43.4,1000,576,4,8,OK,ON,0,0,0
1c7e18b6-dfa9-5eb1-8297-f37a7d21e3de,ap-floor-126,mock_network,access_point,45.2,500,259,8,8,OK,ON,0,0,0
6a64aa73-a74f-5c03-9c27-ed3216276e0e,vlan-cfg-127,mock_network,vlan,25.2,100,68,4,4,OK,ON,0,0,0
5c454d6b-6058-5d0a-8d23-9dc3845918f7,port-channel-cfg-128,mock_network,port_channel,27.5,1000,828,4,8,OK,ON,0,0,0
6b566425-35bb-5ca4-a465-5d9e0e3cded2,aruba-cx-129,mock_network,switch,51.1,100,83,4,2,OK,ON,0,0,0
dea465fe-0a94-555e-985d-871b85031645,core-sw-130,mock_network,router,43.0,250,144,8,8,OK,ON,0,0,0
88440a71-012d-58c6-8024-1e2fdfee402a,edge-router-131,mock_network,firewall,39.0,100,80,16,8,OK,ON,0,0,0
769290df-4f07-5449-b8f1-c65741cfcff5,wireless-ctrl-132,mock_network,gateway,31.8,250,179,16,8,OK,OFF,0,0,0
0565a73e-6df5-5536-9959-d3eb6b7fe5d0,net-gateway-133,mock_network,wireless_controller,37.9,500,360,16,4,OK,ON,0,0,0
20225395-c254-585a-85b6-0c5a16992c8c,ap-floor-134,mock_network,access_point,46.4,250,181,8,4,OK,ON,0,0,0
44f48640-270f-5bf7-8e1a-a7d56568473d,vlan-cfg-135,mock_network,vlan,27.7,1000,883,4,8,OK,ON,0,0,0
df20efce-879e-53be-a01c-a1cd53b8e760,port-channel-cfg-136,mock_network,port_channel,22.3,100,70,16,2,OK,ON,0,0,0
9d1ad62a-3620-525d-aa69-2a993fdf9fbd,aruba-cx-137,mock_network,switch,40.3,500,254,16,8,OK,ON,0,0,0
d075d6f7-fc1a-503d-b39c-59fcdf0d907c,core-sw-138,mock_network,router,36.8,1000,642,8,4,OK,ON,0,0,0
59d02c7a-7ecb-5476-8416-c994fba9df2c,edge-router-139,mock_network,firewall,29.9,100,72,8,8,OK,ON,0,0,0
71898a60-b2c4-5cba-ac71-f3f23baed20c,wireless-ctrl-140,mock_network,gateway,45.5,100,73,16,2,OK,ON,0,0,0
726d4a3c-30b0-540b-915c-5c7edf174b64,net-gateway-141,mock_network,wireless_controller,50.3,500,319,32,4,OK,ON,0,0,0
7ec9ed4e-801d-543e-8d9a-8ca4a0607414,ap-floor-142,mock_network,access_point,35.3,100,75,32,2,OK,ON,0,0,0
12e51ccf-eb5f-522f-8d94-9189a4481fff,vlan-cfg-143,mock_network,vlan,21.2,250,140,32,4,OK,ON,0,0,0
9e3a585c-d5e4-56a1-9019-b9f8d20466f0,port-channel-cfg-144,mock_network,port_channel,24.6,100,58,16,4,OK,ON,0,0,0
4f2b7eb3-7f5a-5866-b1dc-d41e77c5a303,aruba-cx-145,mock_network,switch,37.6,1000,728,4,8,OK,ON,0,0,0
e5101a9c-9510-538a-a724-34b73b5c8585,core-sw-146,mock_network,router,32.8,250,201,32,8,OK,ON,0,0,0
1d1c9c3b-b927-540f-ab34-ff02af677586,edge-router-147,mock_network,firewall,35.8,250,149,16,4,OK,ON,0,0,0
e5332957-ae8b-54c6-ae85-485ad0d24b47,wireless-ctrl-148,mock_network,gateway,36.3,1000,646,8,4,OK,ON,0,0,0
35d43041-df81-5c6f-99d4-562e454df512,net-gateway-149,mock_network,wireless_controller,31.5,500,373,32,8,OK,ON,0,0,0
03b0aa66-3dc9-519b-9e77-e61d73292ce6,ap-floor-150,mock_network,access_point,45.7,500,281,4,2,OK,ON,0,0,0
497a1550-b09c-5c3c-9173-e61f28139666,vlan-cfg-151,mock_network,vlan,21.2,500,252,4,4,OK,ON,0,0,0
3208f98a-e7c2-574b-b3a4-24e51cf7c348,port-channel-cfg-152,mock_network,port_channel,20.2,250,199,8,2,OK,ON,0,0,0
60c07683-bdd2-518f-8069-22fd148db88c,aruba-cx-153,mock_network,switch,44.8,1000,749,8,8,OK,ON,0,0,0
d8ac91c3-6f8b-5e13-9dd8-9e06bdf37165,core-sw-154,mock_network,router,32.8,100,60,4,4,OK,ON,0,0,0
25b5e044-7239-5c77-8ac8-0f5132eea77f,edge-router-155,mock_network,firewall,48.4,100,52,16,8,OK,ON,0,0,0
1f480b60-df0e-56fb-b78d-94ca9f40c70b,wireless-ctrl-156,mock_network,gateway,51.4,1000,592,32,8,OK,ON,0,0,0
8499aeb6-1a83-5371-9930-c4c0685d15b5,net-gateway-157,mock_network,wireless_controller,50.2,100,57,32,8,OK,ON,0,0,0
696256c9-9dc1-5c85-9f56-ff91341b19f3,ap-floor-158,mock_network,access_point,36.3,500,347,8,2,OK,ON,0,0,0
f062f053-beae-5455-a7de-bb67974a3be7,vlan-cfg-159,mock_network,vlan,21.9,500,412,16,4,OK,ON,0,0,0
d9570c36-2e52-578d-bba2-6303c0828709,port-channel-cfg-160,mock_network,port_channel,26.5,100,87,16,2,OK,ON,0,0,0
ae2ba475-0bd7-5ac3-9a48-a0843bd7efff,aruba-cx-161,mock_network,switch,51.1,250,133,32,8,OK,ON,0,0,0
a6145b1a-b864-586f-b925-eaf2467ee29e,core-sw-162,mock_network,router,49.8,250,182,32,4,OK,ON,0,0,0
0ea7c18d-dc1f-5deb-bda0-ccacf7127370,edge-router-163,mock_network,firewall,35.4,250,183,8,2,OK,ON,0,0,0
0b43b76b-d233-5c12-aff4-8862fe08ccb9,wireless-ctrl-164,mock_network,gateway,29.6,250,190,8,4,OK,ON,0,0,0
7b4153f7-8b6e-5c70-afac-17e5ce1bb0f3,net-gateway-165,mock_network,wireless_controller,51.1,250,197,16,4,OK,ON,0,0,0
37c98f69-0d0e-525d-882c-96c29ac9d23f,ap-floor-166,mock_network,access_point,31.2,500,280,8,2,CRITICAL,ON,0,0,0
0035b61d-ffbf-51f8-b9cc-4de76a4273e3,vlan-cfg-167,mock_network,vlan,24.9,250,184,8,8,OK,ON,0,0,0
ccb0ab05-4787-5ea4-9ba6-1bea1c18d925,port-channel-cfg-168,mock_network,port_channel,20.6,1000,553,32,8,OK,ON,0,0,0
6340742e-4d80-5511-8213-4b656b868b4b,aruba-cx-169,mock_network,switch,32.6,1000,696,8,2,OK,ON,0,0,0
b6249a30-6ae4-5bd2-9928-4dcb6682d186,core-sw-170,mock_network,router,44.1,500,440,8,8,OK,ON,0,0,0
d3daf405-52d1-5266-b11c-5492fbdb06ff,edge-router-171,mock_network,firewall,35.8,1000,846,32,8,OK,ON,0,0,0
1f04913d-9d03-56d4-bf66-4325502b6b3b,wireless-ctrl-172,mock_network,gateway,35.5,100,74,32,8,OK,ON,0,0,0
c8f2316c-87b7-53e0-825b-351003155c99,net-gateway-173,mock_network,wireless_controller,47.8,100,70,32,4,CRITICAL,ON,0,0,0
fae048b9-3092-50d9-bf64-aee6c1a02f78,ap-floor-174,mock_network,access_point,37.3,1000,893,4,8,WARNING,ON,0,0,0
881b73c3-7fd2-5609-b1de-ee1025ae7427,vlan-cfg-175,mock_network,vlan,21.5,1000,659,16,4,OK,ON,0,0,0
cc30e8a8-f43c-5262-8d8e-45570c6b2410,port-channel-cfg-176,mock_network,port_channel,23.4,100,77,8,4,OK,ON,0,0,0
9f43be11-2c97-53dc-a405-daac96e142e6,aruba-cx-177,mock_network,switch,37.9,100,57,8,4,OK,ON,0,0,0
fb3e395e-f8bd-504c-bc9b-ab01df140888,core-sw-178,mock_network,router,35.8,250,213,4,4,OK,ON,0,0,0
6a3c3833-5f1a-5063-848a-7c0399f3b7fb,edge-router-179,mock_network,firewall,36.7,100,53,32,8,OK,ON,0,0,0
946e36c0-3c6d-52c4-bf17-a108f5e687ec,wireless-ctrl-180,mock_network,gateway,46.4,250,162,32,2,OK,ON,0,0,0
0fcab0fb-8eca-5ff1-ba0f-4049128096c7,net-gateway-181,mock_network,wireless_controller,46.5,250,141,8,2,OK,ON,0,0,0
f34e8103-fc80-5670-944f-e2e685317ea3,ap-floor-182,mock_network,access_point,49.6,1000,615,8,2,OK,OFF,0,0,0
26a27453-6cf1-5f77-a61c-858e3d517d11,vlan-cfg-183,mock_network,vlan,26.1,100,68,32,8,OK,ON,0,0,0
eeb0a1f0-7246-5d41-90e6-cb77fca46656,port-channel-cfg-184,mock_network,port_channel,24.9,1000,595,32,4,OK,ON,0,0,0
843e4bb1-bf08-5653-9552-01cc9dcf49ba,aruba-cx-185,mock_network,switch,43.1,100,59,16,8,OK,ON,0,0,0
ff57b29a-6f05-59af-a2b4-3ad2e95e3473,core-sw-186,mock_network,router,48.5,100,76,4,2,OK,ON,0,0,0
4f6045d2-97ab-56d2-b59e-f00f4d576244,edge-router-187,mock_network,firewall,31.9,100,51,32,2,OK,ON,0,0,0
eb50df20-bc3f-50b5-a996-62a5905ccd62,wireless-ctrl-188,mock_network,gateway,30.2,250,221,16,2,OK,ON,0,0,0
2a8e4d4c-3f52-5ba6-9f43-3936151bda14,net-gateway-189,mock_network,wireless_controller,39.3,100,80,4,4,OK,ON,0,0,0
82409981-399b-59ec-a2d6-b3f78df97243,ap-floor-190,mock_network,access_point,29.4,1000,709,8,8,WARNING,ON,0,0,0
bf22aa6c-9ddf-50a7-a2bb-78108bf786ca,vlan-cfg-191,mock_network,vlan,24.2,100,69,16,4,OK,ON,0,0,0
d46fd8ab-92d6-583f-beee-be18ea14ec97,port-channel-cfg-192,mock_network,port_channel,22.5,500,435,32,8,OK,ON,0,0,0
0bc2b892-3617-55ec-ac63-de720188f47e,aruba-cx-193,mock_network,switch,35.0,250,213,8,8,OK,ON,0,0,0
8210d0d4-9a76-51f8-a32e-4b24555395a9,core-sw-194,mock_network,router,52.0,100,79,8,8,OK,ON,0,0,0
2b426fd7-6265-59ea-9dbe-0c39960e84d3,edge-router-195,mock_network,firewall,34.8,250,126,8,8,OK,ON,0,0,0
b5a8aedc-7ad1-5e37-8b74-0f2c47e12bc2,wireless-ctrl-196,mock_network,gateway,36.0,500,403,4,8,OK,ON,0,0,0
326b5ffd-428e-58ac-a892-b08b71d780fa,net-gateway-197,mock_network,wireless_controller,39.5,250,144,16,8,OK,ON,0,0,0
54c41a32-1498-5a57-ac57-14048048d109,ap-floor-198,mock_network,access_point,46.8,250,187,16,4,OK,ON,0,0,0
b760e00b-06a4-5f5e-b205-6f2d75387d1a,vlan-cfg-199,mock_network,vlan,26.7,500,362,16,8,OK,ON,0,0,0
87a7b3ba-e3c1-5b5f-a955-a378d57fdf98,port-channel-cfg-200,mock_network,port_channel,21.7,500,409,16,2,WARNING,ON,0,0,0
8e93738e-1067-5c82-b582-f403b4c8645b,gl-vm-001,mock_cloud,virtual_machine,22.2,1000,584,8,32,OK,ON,2,8,4
cb61125d-b0ee-5035-9fd2-e010ac4c33d1,gl-k8s-002,mock_cloud,kubernetes_cluster,26.0,100,39,32,2,OK,ON,3,3,24
7f6ff52d-a961-5bb7-82f7-feb9e0fefaab,gl-db-003,mock_cloud,database_service,20.9,500,411,4,32,OK,ON,0,0,0
ecddd548-c040-51a9-9d88-5285211cd630,gl-storage-004,mock_cloud,storage_service,22.7,1000,641,4,4,OK,ON,0,0,0
aa5c84fc-31b0-5efc-ab26-9328e17e2938,gl-vnet-005,mock_cloud,virtual_network,25.8,1000,655,4,2,OK,ON,0,0,0
101f7b46-6787-53fa-b5ea-3cdafb297b64,gl-subnet-006,mock_cloud,subnet,20.4,100,63,4,2,OK,ON,0,0,0
82f8de58-fa6b-5ee6-8992-d794af35e575,gl-lb-007,mock_cloud,load_balancer,25.3,500,254,16,8,OK,ON,0,0,0
ca42ed9f-70c7-5458-b54a-f9d9f28e8ad7,gl-ns-008,mock_cloud,namespace,22.6,250,153,16,4,OK,ON,0,0,0
b1ab0c40-ae33-5e1b-b935-17e42afdee82,gl-vm-009,mock_cloud,virtual_machine,22.2,50,13,64,32,OK,ON,3,12,12
b948a83e-53fe-5335-a46d-08f33bf76926,gl-k8s-010,mock_cloud,kubernetes_cluster,27.5,250,133,64,8,OK,ON,1,1,2
a62c4b82-fc79-5bb6-857c-70e08da02448,gl-db-011,mock_cloud,database_service,25.4,2000,1153,8,16,OK,ON,0,0,0
3835e08c-1fc2-5d92-8be7-aae042b640ec,gl-storage-012,mock_cloud,storage_service,26.7,2000,1494,128,4,OK,ON,0,0,0
457d69bc-6f11-59a2-8ea2-36354b4a9db2,gl-vnet-013,mock_cloud,virtual_network,27.4,1000,727,4,8,OK,ON,0,0,0
e1838ebc-ed05-59e4-aab7-5ae40a6c5ae4,gl-subnet-014,mock_cloud,subnet,23.6,1000,688,8,2,OK,ON,0,0,0
5358f0a5-948a-50d6-8929-85a5354733bf,gl-lb-015,mock_cloud,load_balancer,24.9,500,328,16,4,OK,ON,0,0,0
d9b2095f-850c-581f-bf93-7f4c0d8c8667,gl-ns-016,mock_cloud,namespace,20.2,1000,545,32,4,OK,ON,0,0,0
382939a9-e59d-5587-868d-df22b68669f4,gl-vm-017,mock_cloud,virtual_machine,22.3,2000,1474,32,2,OK,ON,3,12,24
78aad728-7d10-5eba-85ab-be32330b3848,gl-k8s-018,mock_cloud,kubernetes_cluster,22.4,1000,227,8,32,OK,ON,4,8,8
e84816ee-555c-54c4-8f2a-a7681489c95d,gl-db-019,mock_cloud,database_service,26.5,2000,577,64,8,OK,ON,0,0,0
71372a8a-1091-56ff-948f-7a1798858c33,gl-storage-020,mock_cloud,storage_service,20.6,500,120,4,32,WARNING,ON,0,0,0
e331e23b-1f9c-53e0-9fa1-4c3d37ef1028,gl-vnet-021,mock_cloud,virtual_network,20.6,100,77,32,4,OK,ON,0,0,0
ee0080e3-bb88-52bd-8113-e3a5f08e38d9,gl-subnet-022,mock_cloud,subnet,25.3,100,58,8,8,OK,ON,0,0,0
e5e94360-896f-51c7-8a38-8f4163e610c3,gl-lb-023,mock_cloud,load_balancer,25.1,100,80,8,4,OK,ON,0,0,0
a2ef9bc0-356c-581b-ba67-599f3cfa9a61,gl-ns-024,mock_cloud,namespace,23.1,1000,578,16,4,OK,ON,0,0,0
fdbc43cf-206d-5bc1-bb50-2f3649559796,gl-vm-025,mock_cloud,virtual_machine,27.3,1000,106,4,8,OK,ON,5,10,10
13662e15-3973-55e1-8f7b-aa70f1be87e3,gl-k8s-026,mock_cloud,kubernetes_cluster,20.5,100,44,4,8,OK,ON,5,10,40
816ed665-d089-52ff-b914-71c4dcfa1649,gl-db-027,mock_cloud,database_service,23.1,100,25,32,4,OK,ON,0,0,0
54ea4949-d978-5676-a818-0b51f132c6a1,gl-storage-028,mock_cloud,storage_service,27.4,2000,225,4,2,OK,ON,0,0,0
3fb2b86d-ea68-5266-94d0-8d03f4ae118f,gl-vnet-029,mock_cloud,virtual_network,23.9,1000,889,8,2,OK,ON,0,0,0
5df0ebb4-42aa-5b66-b789-b29c5e341811,gl-subnet-030,mock_cloud,subnet,26.4,1000,857,32,8,OK,ON,0,0,0
d567ddf1-d0e1-5a42-9395-e6ee54e6cd00,gl-lb-031,mock_cloud,load_balancer,24.1,1000,653,8,2,OK,ON,0,0,0
0fd556a7-75f4-5ad7-8dd1-25722c32531a,gl-ns-032,mock_cloud,namespace,20.1,1000,838,8,8,OK,ON,0,0,0
8e7aee96-fb72-5874-b264-cf9e522ce0a9,gl-vm-033,mock_cloud,virtual_machine,23.3,250,47,128,16,OK,ON,4,16,8
83becd5d-13b7-5a2f-89ae-b65b1951ceaa,gl-k8s-034,mock_cloud,kubernetes_cluster,25.9,100,47,4,32,OK,ON,1,4,8
a19d52df-2358-5bf2-9527-41607b5a19a3,gl-db-035,mock_cloud,database_service,24.6,500,279,64,16,OK,ON,0,0,0
0411d634-28f5-540a-9959-84bbadef946a,gl-storage-036,mock_cloud,storage_service,22.8,250,170,128,32,OK,ON,0,0,0
d8a10df7-1a83-5070-8b31-7545aa890702,gl-vnet-037,mock_cloud,virtual_network,20.5,1000,731,4,8,CRITICAL,ON,0,0,0
f881cd80-72f0-5eff-8e18-9304a3fad1cc,gl-subnet-038,mock_cloud,subnet,26.5,100,61,4,2,OK,ON,0,0,0
b2976a90-bc74-53c2-a203-353e69061e07,gl-lb-039,mock_cloud,load_balancer,26.8,500,300,16,4,OK,ON,0,0,0
5938f1a5-9216-50c3-82c4-2dc0e54ee95a,gl-ns-040,mock_cloud,namespace,20.1,100,74,8,8,OK,ON,0,0,0
54fb9efd-cccc-5418-9b8a-e9dfdefe9b38,gl-vm-041,mock_cloud,virtual_machine,26.5,50,18,64,4,OK,ON,1,1,8
1a37f0e3-8a32-5972-8ffc-75236b92402e,gl-k8s-042,mock_cloud,kubernetes_cluster,21.2,500,340,128,4,OK,ON,2,2,16
521fcaa9-d37e-5a4e-ad4c-72e0fd2cbe4f,gl-db-043,mock_cloud,database_service,22.8,500,240,32,4,OK,ON,0,0,0
0ddd79a1-361c-5f44-a76c-7c4afe55925e,gl-storage-044,mock_cloud,storage_service,27.6,1000,796,8,8,OK,ON,0,0,0
b7f7d289-8140-5bd5-8c9b-40a2fcc00fd1,gl-vnet-045,mock_cloud,virtual_network,27.4,1000,652,16,8,OK,ON,0,0,0
9c26fb21-304c-5553-b385-fd7a17f15075,gl-subnet-046,mock_cloud,subnet,20.3,500,441,32,8,OK,ON,0,0,0
6d7a7ad2-8d43-5203-852f-27090c030b2f,gl-lb-047,mock_cloud,load_balancer,26.9,500,304,4,4,OK,ON,0,0,0
6ef8ff57-8d90-59da-924f-6ebcce00a1d0,gl-ns-048,mock_cloud,namespace,23.1,250,198,8,8,OK,ON,0,0,0
416d5cf1-c95f-5b94-a2ec-b1c6fda8943b,gl-vm-049,mock_cloud,virtual_machine,25.5,50,21,4,2,OK,ON,5,5,40
604de297-1d1e-55c4-9aca-62c02215e753,gl-k8s-050,mock_cloud,kubernetes_cluster,21.8,50,42,4,32,OK,ON,2,8,16
68a0159b-24a8-5d9a-bd12-3f46590ac92e,gl-db-051,mock_cloud,database_service,27.7,50,32,8,32,OK,ON,0,0,0
04eb8f10-37ff-51ef-b037-28e387ad7dcb,gl-storage-052,mock_cloud,storage_service,23.7,100,72,16,8,OK,ON,0,0,0
3bfeca2c-3bae-5fd8-80af-298afd35d8c9,gl-vnet-053,mock_cloud,virtual_network,20.5,1000,633,4,4,WARNING,ON,0,0,0
9b106691-1ada-5194-a41a-782e42d100f9,gl-subnet-054,mock_cloud,subnet,22.1,1000,527,8,8,OK,ON,0,0,0
f70ee2a5-fd88-55a5-86b6-8d1a46cdb215,gl-lb-055,mock_cloud,load_balancer,25.2,100,55,32,2,OK,ON,0,0,0
7df8a629-e8f0-5269-b6dc-447045466280,gl-ns-056,mock_cloud,namespace,20.8,1000,786,4,2,OK,ON,0,0,0
cdb743fd-c463-5b24-9690-1ca0a9d1e996,gl-vm-057,mock_cloud,virtual_machine,24.6,2000,201,128,4,OK,ON,1,4,4
caa98fe1-e907-5b5c-9c2f-dde613a9de99,gl-k8s-058,mock_cloud,kubernetes_cluster,25.6,2000,1449,32,16,OK,ON,1,4,2
75e32297-f06e-55b0-88bc-696ee4979d97,gl-db-059,mock_cloud,database_service,27.6,50,30,32,8,WARNING,ON,0,0,0
039449d4-f41e-5678-b1de-7179a3d84463,gl-storage-060,mock_cloud,storage_service,20.7,1000,131,8,4,OK,ON,0,0,0
79591185-fff6-5b24-b124-973e87684b7a,gl-vnet-061,mock_cloud,virtual_network,21.5,1000,858,16,4,OK,ON,0,0,0
3edc5d6d-ab9e-5254-9507-787ef22eaed4,gl-subnet-062,mock_cloud,subnet,25.1,250,138,8,2,OK,ON,0,0,0
8ea783cb-29cd-5e1f-9a32-f4ddde1bbd30,gl-lb-063,mock_cloud,load_balancer,24.7,1000,655,16,4,OK,ON,0,0,0
a69a87ed-6cd1-5438-b3c1-05086dc5132d,gl-ns-064,mock_cloud,namespace,26.7,1000,886,4,2,OK,ON,0,0,0
c613a251-6758-5e43-b9fc-8a2756fce4cd,gl-vm-065,mock_cloud,virtual_machine,22.7,2000,1592,32,32,OK,ON,5,5,40
a9c3b2b4-eedc-555e-903a-ec236de955b8,gl-k8s-066,mock_cloud,kubernetes_cluster,27.4,1000,136,32,2,OK,ON,2,2,4
138c00e2-6488-5b82-b691-368d9049fd41,gl-db-067,mock_cloud,database_service,27.2,50,24,4,2,OK,ON,0,0,0
10c8d5d7-fd83-552e-baa4-dbb474b25627,gl-storage-068,mock_cloud,storage_service,21.8,1000,536,128,2,OK,ON,0,0,0
0f84b5d7-1ec0-57d2-9a8d-f3b7e26aac3e,gl-vnet-069,mock_cloud,virtual_network,27.7,250,201,8,4,OK,ON,0,0,0
2118187f-39b9-5990-a88c-1637d4244991,gl-subnet-070,mock_cloud,subnet,22.2,1000,567,16,8,OK,ON,0,0,0
bdc928ea-60e2-5aea-8c1a-423cf0d368be,gl-lb-071,mock_cloud,load_balancer,21.9,100,55,32,2,OK,ON,0,0,0
0c081d9a-277d-5a72-977a-642020a76802,gl-ns-072,mock_cloud,namespace,23.9,100,50,4,8,OK,ON,0,0,0
eaa4f847-1d6e-50e5-baf7-f6329f405541,gl-vm-073,mock_cloud,virtual_machine,27.1,100,61,8,4,OK,ON,5,10,20
839a44a3-95c5-554e-bd90-396663e39b5c,gl-k8s-074,mock_cloud,kubernetes_cluster,21.4,250,94,128,2,OK,ON,1,4,2
ca415013-ebc0-500a-b42b-0b6c1d0fcddb,gl-db-075,mock_cloud,database_service,27.9,50,12,16,4,OK,ON,0,0,0
0eb5557b-103e-50a6-82a8-38f972649e53,gl-storage-076,mock_cloud,storage_service,25.5,2000,782,4,2,OK,ON,0,0,0
b9aabd3b-dabe-53ff-a542-93dc87124b0b,gl-vnet-077,mock_cloud,virtual_network,22.0,1000,517,4,8,OK,ON,0,0,0
8b2443c7-2933-5adf-9792-f94f24f01def,gl-subnet-078,mock_cloud,subnet,26.3,1000,705,4,2,OK,ON,0,0,0
a49d056e-1bbb-5da2-94b7-ae6816319969,gl-lb-079,mock_cloud,load_balancer,24.7,500,333,16,2,OK,ON,0,0,0
eb4303bb-7598-56c5-9273-56c0b12da5a7,gl-ns-080,mock_cloud,namespace,22.6,100,59,32,2,OK,ON,0,0,0
5492b88e-9316-58b6-bb07-a9d1c0d896e3,gl-vm-081,mock_cloud,virtual_machine,21.8,1000,463,8,4,OK,ON,4,8,8
665aa999-2fe4-598f-b4ee-05c0cc61a97b,gl-k8s-082,mock_cloud,kubernetes_cluster,21.6,2000,1109,4,4,OK,ON,3,3,6
4316c74b-7b3d-5aff-b9f3-9e6a1545c73b,gl-db-083,mock_cloud,database_service,23.7,2000,1724,8,32,OK,ON,0,0,0
efd2c762-434a-58a5-bad8-e508793577c1,gl-storage-084,mock_cloud,storage_service,24.6,500,161,32,32,OK,ON,0,0,0
ff8cccb6-4309-5fed-8d0e-b9c8da964b4a,gl-vnet-085,mock_cloud,virtual_network,25.9,250,149,32,8,OK,ON,0,0,0
044743ff-1df2-535f-ac33-32d7e75dea07,gl-subnet-086,mock_cloud,subnet,27.4,250,216,4,4,CRITICAL,ON,0,0,0
d3a56a85-c5c6-54a1-a5da-3278e53845a6,gl-lb-087,mock_cloud,load_balancer,20.3,1000,793,4,4,OK,ON,0,0,0
e5b9a068-a8a4-5de3-9c92-4d4023dd95df,gl-ns-088,mock_cloud,namespace,23.8,100,68,8,2,OK,ON,0,0,0
fd9390b8-c1b5-501f-bfe9-e1c0ca886d08,gl-vm-089,mock_cloud,virtual_machine,20.1,2000,1798,8,8,OK,ON,1,2,8
ec0bb94e-679f-565f-8e4b-7af951d2c423,gl-k8s-090,mock_cloud,kubernetes_cluster,25.6,250,150,8,16,OK,ON,1,4,2
d02b4cae-29a3-5a09-8627-afe84f8eea7a,gl-db-091,mock_cloud,database_service,25.5,1000,735,64,32,OK,ON,0,0,0
db0357b4-6cde-5d13-8aa3-b58fe794653f,gl-storage-092,mock_cloud,storage_service,20.6,50,20,4,8,OK,ON,0,0,0
570fa62e-30ef-5422-af9b-66ce6d5c3be5,gl-vnet-093,mock_cloud,virtual_network,20.3,500,285,4,8,OK,ON,0,0,0
be2ffa83-e4a0-5176-bd4d-4567c31f71c9,gl-subnet-094,mock_cloud,subnet,21.6,500,297,4,8,OK,ON,0,0,0
93294368-fd78-5ad8-a39c-e4321eb16384,gl-lb-095,mock_cloud,load_balancer,27.5,250,200,8,4,OK,ON,0,0,0
f218669a-5e10-53d6-8d17-8dc16c59a636,gl-ns-096,mock_cloud,namespace,22.1,1000,610,4,4,OK,ON,0,0,0
02f36479-b912-556e-bb79-bc7109353241,gl-vm-097,mock_cloud,virtual_machine,23.9,2000,1712,16,32,OK,ON,1,1,4
f7520cb0-dc6b-5d99-8a35-217ac78dc3cc,gl-k8s-098,mock_cloud,kubernetes_cluster,23.1,50,32,16,4,OK,ON,4,4,8
574e2d30-a7fd-57ea-b8d0-8636cbb06fd2,gl-db-099,mock_cloud,database_service,25.0,500,345,32,8,OK,ON,0,0,0
14add261-2160-5b18-bc7c-8a52b49f1a51,gl-storage-100,mock_cloud,storage_service,21.5,1000,374,32,8,OK,ON,0,0,0
64b82e21-33a2-5f74-bea7-1c5aa04353e7,gl-vnet-101,mock_cloud,virtual_network,22.6,1000,683,8,4,OK,ON,0,0,0
44733cb6-cd15-5a26-8f9d-fb68b37c78ac,gl-subnet-102,mock_cloud,subnet,22.1,1000,648,16,2,OK,ON,0,0,0
5a2f7308-9e02-5b59-93c7-64f6b2103a46,gl-lb-103,mock_cloud,load_balancer,22.3,250,186,8,8,OK,ON,0,0,0
131c4223-efb0-5858-800a-291c3427cfa9,gl-ns-104,mock_cloud,namespace,21.5,250,208,8,2,OK,ON,0,0,0
a9d70f45-a519-5883-87a8-ad09fd879ce2,gl-vm-105,mock_cloud,virtual_machine,20.3,100,54,8,8,WARNING,ON,1,4,4
b062ad86-ad00-5400-a092-8134dbf87838,gl-k8s-106,mock_cloud,kubernetes_cluster,21.2,50,21,4,8,OK,ON,4,4,16
31f231d9-c387-59bc-9032-bdd497e3534b,gl-db-107,mock_cloud,database_service,21.2,2000,435,64,8,OK,ON,0,0,0
4b6779a6-6e02-5052-b575-5cfb3d6faa22,gl-storage-108,mock_cloud,storage_service,27.3,100,64,4,16,OK,ON,0,0,0
29ad85da-92b8-58b2-a49b-2fdcf188d6be,gl-vnet-109,mock_cloud,virtual_network,20.2,250,169,4,4,OK,ON,0,0,0
2ca4be4f-9a9b-5e03-ae44-741cf20a8090,gl-subnet-110,mock_cloud,subnet,25.1,250,203,16,2,OK,ON,0,0,0
526d1bcc-15b2-519a-885f-9fbc4b351e50,gl-lb-111,mock_cloud,load_balancer,24.3,1000,770,4,8,OK,ON,0,0,0
19a7a342-9028-5293-8c49-8ef5de434c1d,gl-ns-112,mock_cloud,namespace,23.9,100,86,16,4,OK,ON,0,0,0
2c9a0a9d-dfd7-5531-a095-34a35adf60d9,gl-vm-113,mock_cloud,virtual_machine,26.8,250,220,16,8,OK,ON,5,5,10
3ae04575-fe50-5878-b8a7-d803bacf92a4,gl-k8s-114,mock_cloud,kubernetes_cluster,23.6,500,105,128,16,OK,ON,5,20,10
d19341f0-c8f7-5669-8418-81b939c09ac7,gl-db-115,mock_cloud,database_service,22.4,2000,1663,32,2,OK,ON,0,0,0
3025e198-dd88-5c92-8e7b-926b49d9c8d6,gl-storage-116,mock_cloud,storage_service,24.4,50,37,32,32,OK,ON,0,0,0
ab509217-d050-562f-a12b-80649769b336,gl-vnet-117,mock_cloud,virtual_network,24.7,1000,723,32,2,OK,ON,0,0,0
ea2ea615-6ff4-5f3e-9a8e-30470fa363fc,gl-subnet-118,mock_cloud,subnet,20.0,500,310,32,2,OK,ON,0,0,0
43dea959-a886-5b28-ba1e-781b1b04484d,gl-lb-119,mock_cloud,load_balancer,27.1,1000,571,8,2,OK,ON,0,0,0
1cef4f87-41c2-54d0-a8a4-6216376c9577,gl-ns-120,mock_cloud,namespace,22.2,100,73,16,8,OK,ON,0,0,0
3a8063fa-eec8-50ab-8406-e5af56014eed,gl-vm-121,mock_cloud,virtual_machine,23.5,1000,686,16,2,OK,ON,1,2,2
38d972c4-36b4-50c2-a6b9-3fac5d65a854,gl-k8s-122,mock_cloud,kubernetes_cluster,21.2,250,97,4,4,OK,ON,3,3,12
9f7b46a1-9385-5805-a9d8-20dd5c19d545,gl-db-123,mock_cloud,database_service,25.1,1000,358,8,32,OK,ON,0,0,0
8f973cf4-16e2-53b6-9dc9-199eb1e56f5e,gl-storage-124,mock_cloud,storage_service,26.8,250,189,64,32,OK,ON,0,0,0
907623fa-fcd6-56ad-bf25-5cb87c45197c,gl-vnet-125,mock_cloud,virtual_network,24.1,500,405,32,4,OK,ON,0,0,0
aa9d87dd-f2e8-578e-8e5e-0a56227ad804,gl-subnet-126,mock_cloud,subnet,21.3,250,140,8,2,OK,ON,0,0,0
3b2fa1bb-7f7b-5b7d-9ddf-d322f377a6d7,gl-lb-127,mock_cloud,load_balancer,24.5,100,66,4,2,OK,ON,0,0,0
e316fc7c-4c3d-5a59-9258-4844e2f772d4,gl-ns-128,mock_cloud,namespace,27.4,1000,639,16,2,OK,ON,0,0,0
0d8638da-fd19-5749-b45d-7655ae69215e,gl-vm-129,mock_cloud,virtual_machine,27.1,100,78,8,2,OK,ON,2,8,4
087bec45-154d-52ff-aa1d-f0aebe41c307,gl-k8s-130,mock_cloud,kubernetes_cluster,21.7,500,67,32,2,OK,ON,1,1,8
6c1ec209-3a0e-5187-ad26-c10081272e59,gl-db-131,mock_cloud,database_service,20.5,50,35,128,8,OK,ON,0,0,0
86bbd29a-2699-5096-9056-618128b4f8c4,gl-storage-132,mock_cloud,storage_service,27.4,50,10,4,8,OK,ON,0,0,0
d35d8876-4567-57b7-8f9c-4ef2377f2406,gl-vnet-133,mock_cloud,virtual_network,22.2,500,320,8,8,OK,ON,0,0,0
893828ab-cdf9-5f39-9034-8202a9092481,gl-subnet-134,mock_cloud,subnet,20.8,100,71,8,4,OK,ON,0,0,0
00c3a3a3-502a-5058-97ad-a7a202df250a,gl-lb-135,mock_cloud,load_balancer,26.0,100,88,4,2,OK,ON,0,0,0
7cec086f-d6a3-529a-8bba-4f396b8a6999,gl-ns-136,mock_cloud,namespace,26.8,1000,646,8,4,OK,ON,0,0,0
3da94999-3af8-565f-b39f-7cb297f56276,gl-vm-137,mock_cloud,virtual_machine,20.9,500,95,8,32,OK,ON,3,3,12
25dfaa06-12c0-5492-86bc-305d99de4ac7,gl-k8s-138,mock_cloud,kubernetes_cluster,21.1,50,20,32,8,OK,ON,4,16,32
53ff3317-55f5-5710-a67d-ee0b5821df43,gl-db-139,mock_cloud,database_service,27.8,50,40,8,16,OK,ON,0,0,0
e43825b8-51db-5328-b7b6-c7989ea05e54,gl-storage-140,mock_cloud,storage_service,27.5,500,259,32,2,OK,ON,0,0,0
266b2027-7325-5001-a46d-5b81063a5075,gl-vnet-141,mock_cloud,virtual_network,21.0,1000,660,4,8,OK,ON,0,0,0
11f9d289-82d4-5450-a6e3-2cd0efefcfad,gl-subnet-142,mock_cloud,subnet,27.8,100,64,8,4,OK,ON,0,0,0
b014e979-3a62-5115-a71a-31a8695168e4,gl-lb-143,mock_cloud,load_balancer,26.8,1000,549,32,8,OK,ON,0,0,0
7b460ad7-c8e3-517b-90f4-ba130a0679e7,gl-ns-144,mock_cloud,namespace,26.1,500,401,32,4,OK,ON,0,0,0
5e5e9e63-ba02-5008-91a3-43631d5847e1,gl-vm-145,mock_cloud,virtual_machine,24.8,50,15,4,16,WARNING,ON,4,4,32
f14b7fec-0431-5948-bb7c-b3f839969eba,gl-k8s-146,mock_cloud,kubernetes_cluster,20.2,500,291,8,2,OK,ON,3,3,12
df2c0d54-c8a8-50b6-94a3-f430c32b1bea,gl-db-147,mock_cloud,database_service,20.8,2000,996,16,4,OK,ON,0,0,0
45113895-4382-5edf-80c1-ec825a1a5045,gl-storage-148,mock_cloud,storage_service,24.3,500,175,32,2,OK,ON,0,0,0
4f328be7-df47-52cc-a929-2dcd1306309f,gl-vnet-149,mock_cloud,virtual_network,23.7,100,57,16,8,OK,ON,0,0,0
0fe2dc62-a738-5b47-b7cf-2313879c7717,gl-subnet-150,mock_cloud,subnet,23.4,500,393,32,2,OK,ON,0,0,0
c7d40e9a-5b8d-5ef6-b5be-47c120a64d25,gl-lb-151,mock_cloud,load_balancer,23.9,1000,690,8,8,OK,ON,0,0,0
4077a0d4-feda-59e9-8c5b-4d8ca29d7f1a,gl-ns-152,mock_cloud,namespace,22.1,1000,746,16,4,OK,ON,0,0,0
46cdb7f2-4d85-58fb-8ea0-c4a840c3a8d4,gl-vm-153,mock_cloud,virtual_machine,20.2,2000,746,4,32,CRITICAL,ON,1,2,4
67331b4b-8851-5116-9c43-3200052350ec,gl-k8s-154,mock_cloud,kubernetes_cluster,23.3,50,41,64,8,OK,ON,1,2,2
91b78add-253a-58f0-966c-95d17a0c712a,gl-db-155,mock_cloud,database_service,20.2,250,29,32,32,OK,ON,0,0,0
a0594648-dc43-504e-b4c0-6aadea5f89f3,gl-storage-156,mock_cloud,storage_service,20.2,500,90,4,32,OK,ON,0,0,0
b89c7f10-b99d-5137-b5b0-2c3b7525398a,gl-vnet-157,mock_cloud,virtual_network,22.7,500,283,16,4,WARNING,ON,0,0,0
95ce03a9-ffe2-59a2-a19c-8b36d29c2f12,gl-subnet-158,mock_cloud,subnet,21.6,100,83,8,4,OK,ON,0,0,0
25dd691e-f79f-5655-906a-e34477f6a9fa,gl-lb-159,mock_cloud,load_balancer,22.4,1000,821,4,8,OK,ON,0,0,0
87c6dc3a-f656-523c-8725-e0d4fc2c7a0b,gl-ns-160,mock_cloud,namespace,20.8,500,304,32,4,OK,ON,0,0,0
c4e25608-12eb-52c5-bd88-c8ce8e95c2a0,gl-vm-161,mock_cloud,virtual_machine,26.4,100,43,16,32,OK,ON,3,12,24
2fb02e23-490b-5c1e-ba0f-5a51af618c3d,gl-k8s-162,mock_cloud,kubernetes_cluster,26.1,2000,1739,8,16,OK,ON,4,8,32
650c80ff-60c7-5bd8-9d45-c5c2b873934d,gl-db-163,mock_cloud,database_service,24.9,500,109,16,4,OK,ON,0,0,0
c95c8071-08f2-5f4f-99fc-80322da0e6b9,gl-storage-164,mock_cloud,storage_service,25.5,100,77,128,2,OK,ON,0,0,0
4579f4f8-cc15-57bf-893f-ec337358657e,gl-vnet-165,mock_cloud,virtual_network,22.3,250,150,8,4,OK,ON,0,0,0
fe7fa777-d1dc-5ff7-9773-5c435e7f1d4d,gl-subnet-166,mock_cloud,subnet,21.2,100,59,16,4,OK,ON,0,0,0
09489de2-6656-5ccc-ae93-8479ff4dea32,gl-lb-167,mock_cloud,load_balancer,27.9,1000,758,4,2,OK,ON,0,0,0
915910f7-c7c4-5b8a-8b76-9d333605ed23,gl-ns-168,mock_cloud,namespace,21.1,500,407,16,8,OK,ON,0,0,0
6dbf0c32-694c-5212-942d-c8719e8818a5,gl-vm-169,mock_cloud,virtual_machine,25.2,250,145,4,2,OK,ON,1,2,4
d4f2b1ad-ac4d-5fa4-8057-4d5526e9bdeb,gl-k8s-170,mock_cloud,kubernetes_cluster,27.1,2000,1000,64,2,OK,ON,1,4,8
40efa217-20b8-588d-ac05-1cffbff2c6f7,gl-db-171,mock_cloud,database_service,27.6,250,90,4,32,OK,ON,0,0,0
b9c87db7-43cc-5828-b590-273d5c6b4989,gl-storage-172,mock_cloud,storage_service,23.1,100,87,8,2,OK,ON,0,0,0
31135365-ca4d-5ec2-b3ac-00b36b67851a,gl-vnet-173,mock_cloud,virtual_network,22.0,100,69,16,8,WARNING,ON,0,0,0
36bc507a-e13c-5f9a-8bdd-5a8cb37e9676,gl-subnet-174,mock_cloud,subnet,22.5,1000,689,8,4,OK,ON,0,0,0
7cb8ce6b-42ae-519a-967a-93575e45818d,gl-lb-175,mock_cloud,load_balancer,27.5,500,345,16,4,OK,ON,0,0,0
346d9fe1-821d-5ffe-a752-da9ed2bcfb58,gl-ns-176,mock_cloud,namespace,27.7,100,83,4,8,OK,ON,0,0,0
93bf4641-a4e4-5ab9-b5e1-648119f6a8cc,gl-vm-177,mock_cloud,virtual_machine,25.4,50,26,128,8,OK,ON,2,4,8
76dfd3b7-8e04-5c9a-9628-f086d8cfe18a,gl-k8s-178,mock_cloud,kubernetes_cluster,27.7,500,302,8,4,OK,ON,4,4,16
80d64021-0982-5b28-bad2-a7a506f12cbb,gl-db-179,mock_cloud,database_service,26.6,100,65,4,16,OK,ON,0,0,0
cdd06ab4-4f49-56a1-b5fb-a7602bb0bbff,gl-storage-180,mock_cloud,storage_service,22.8,500,366,128,4,OK,ON,0,0,0
32c209cc-3065-566c-8182-cb66c9a82959,gl-vnet-181,mock_cloud,virtual_network,23.2,500,312,4,2,OK,ON,0,0,0
ae816c51-0eb9-5a8d-8b98-69393af29b4d,gl-subnet-182,mock_cloud,subnet,24.1,250,209,32,4,OK,ON,0,0,0
f50711c4-a342-5b14-a0a6-2ab014ab30d2,gl-lb-183,mock_cloud,load_balancer,27.0,250,151,16,4,OK,ON,0,0,0
73e5d873-c4f2-5b30-bc7a-3036b89dbfd1,gl-ns-184,mock_cloud,namespace,23.3,250,164,32,8,OK,ON,0,0,0
70484bf1-e8c3-5dd0-abff-8b01d43d300d,gl-vm-185,mock_cloud,virtual_machine,27.6,100,13,128,8,OK,ON,5,10,40
c1a2d49f-2ef3-5264-8a21-76ec7d94b004,gl-k8s-186,mock_cloud,kubernetes_cluster,20.7,500,380,32,32,OK,ON,4,4,8
10921cf2-c541-5af1-b9bf-1082961df9aa,gl-db-187,mock_cloud,database_service,21.5,100,58,32,4,CRITICAL,ON,0,0,0
594d16bf-a6fe-55e9-946d-848b3a911295,gl-storage-188,mock_cloud,storage_service,22.3,250,72,16,2,OK,ON,0,0,0
3c3d445a-89f0-5f9d-8877-38fe5585b90d,gl-vnet-189,mock_cloud,virtual_network,22.0,1000,534,32,2,OK,ON,0,0,0
302580ed-fb4c-5f9f-b84d-7925a46f8535,gl-subnet-190,mock_cloud,subnet,27.8,1000,774,32,8,OK,ON,0,0,0
b8159b84-c53b-56f6-91dd-c8f11ea22ba3,gl-lb-191,mock_cloud,load_balancer,24.8,100,53,4,2,OK,ON,0,0,0
3472b15c-ea74-59ef-831b-0f170f2795d9,gl-ns-192,mock_cloud,namespace,21.9,500,449,4,2,OK,ON,0,0,0
eb534c75-60fc-55b4-9e36-76ec86914aed,gl-vm-193,mock_cloud,virtual_machine,25.0,1000,243,4,32,OK,ON,2,8,8
9b1d9ffe-696d-5e59-a94c-c667fec91d32,gl-k8s-194,mock_cloud,kubernetes_cluster,27.0,250,33,4,8,OK,ON,2,4,8
1ab43501-f1ed-5d79-8f62-d5efa7a1afef,gl-db-195,mock_cloud,database_service,27.4,250,112,64,8,OK,ON,0,0,0
655c4c38-92da-587f-8b27-38d2ef89c062,gl-storage-196,mock_cloud,storage_service,25.9,100,21,4,16,OK,ON,0,0,0
72cbd08d-d146-5f7f-93e6-6a076bdd11a9,gl-vnet-197,mock_cloud,virtual_network,20.3,500,282,32,4,OK,ON,0,0,0
31892e59-4562-52a5-9b65-50ce66332f65,gl-subnet-198,mock_cloud,subnet,27.2,1000,516,16,8,OK,ON,0,0,0
2755768a-9426-517c-8766-67aa32258eab,gl-lb-199,mock_cloud,load_balancer,23.7,100,83,8,2,OK,ON,0,0,0
60481c09-3b8d-5c2f-92ec-d2f62a7c5456,gl-ns-200,mock_cloud,namespace,21.6,500,286,8,8,OK,ON,0,0,0
